Local: ,2026-02-11 00:00:00+09:00,tz_sec ,32400
Linux Epoch (ms):,1770735600000.0
Timestamp,IMP Real(Ohms),IMP Img(Ohms),IMP Module(Ohms),IMP Phase(Rad),ADM Real(Ohms),ADM Img(Ohms),ADM Module(Ohms),ADM Phase(Rad),Seq No.
1770777539071.438,269000,-505000,572176.5461813338,-1.081353033599626,8.216600587685484e-07,1.5425216716658623e-06,1.747712321789367e-06,1.081353033599626,359
1770777539104.719,269000,-505000,572176.5461813338,-1.081353033599626,8.216600587685484e-07,1.5425216716658623e-06,1.747712321789367e-06,1.081353033599626,359
1770777539138.0,269000,-504000,571294.1449026061,-1.0805301043401199,8.242002346979107e-07,1.5442264620362342e-06,1.7504117781050939e-06,1.0805301043401199,359
1770777539171.25,269000,-504000,571294.1449026061,-1.0805301043401199,8.242002346979107e-07,1.5442264620362342e-06,1.7504117781050939e-06,1.0805301043401199,359
1770777539204.531,269000,-504000,571294.1449026061,-1.0805301043401199,8.242002346979107e-07,1.5442264620362342e-06,1.7504117781050939e-06,1.0805301043401199,359
1770777539237.813,269000,-504000,571294.1449026061,-1.0805301043401199,8.242002346979107e-07,1.5442264620362342e-06,1.7504117781050939e-06,1.0805301043401199,359
1770777539271.094,269000,-504000,571294.1449026061,-1.0805301043401199,8.242002346979107e-07,1.5442264620362342e-06,1.7504117781050939e-06,1.0805301043401199,360
1770777539304.344,269000,-504000,571294.1449026061,-1.0805301043401199,8.242002346979107e-07,1.5442264620362342e-06,1.7504117781050939e-06,1.0805301043401199,360
1770777539337.625,269000,-504000,571294.1449026061,-1.0805301043401199,8.242002346979107e-07,1.5442264620362342e-06,1.7504117781050939e-06,1.0805301043401199,360
1770777539370.875,269000,-504000,571294.1449026061,-1.0805301043401199,8.242002346979107e-07,1.5442264620362342e-06,1.7504117781050939e-06,1.0805301043401199,360
1770777539404.156,269000,-504000,571294.1449026061,-1.0805301043401199,8.242002346979107e-07,1.5442264620362342e-06,1.7504117781050939e-06,1.0805301043401199,360
1770777539437.406,269000,-504000,571294.1449026061,-1.0805301043401199,8.242002346979107e-07,1.5442264620362342e-06,1.7504117781050939e-06,1.0805301043401199,360
1770777539470.687,269000,-504000,571294.1449026061,-1.0805301043401199,8.242002346979107e-07,1.5442264620362342e-06,1.7504117781050939e-06,1.0805301043401199,361
1770777539503.937,269000,-503000,570412.1317082939,-1.079704629572648,8.267510833819958e-07,1.5459323232012785e-06,1.7531183935467125e-06,1.079704629572648,361
1770777539537.219,268000,-503000,569941.2250399159,-1.0812518398200157,8.250393279007982e-07,1.5484879922914235e-06,1.7545668852607828e-06,1.0812518398200157,361
1770777539570.5,268000,-503000,569941.2250399159,-1.0812518398200157,8.250393279007982e-07,1.5484879922914235e-06,1.7545668852607828e-06,1.0812518398200157,361
1770777539603.781,268000,-503000,569941.2250399159,-1.0812518398200157,8.250393279007982e-07,1.5484879922914235e-06,1.7545668852607828e-06,1.0812518398200157,361
1770777539637.062,268000,-503000,569941.2250399159,-1.0812518398200157,8.250393279007982e-07,1.5484879922914235e-06,1.7545668852607828e-06,1.0812518398200157,361
1770777539670.375,268000,-503000,569941.2250399159,-1.0812518398200157,8.250393279007982e-07,1.5484879922914235e-06,1.7545668852607828e-06,1.0812518398200157,362
1770777539703.656,268000,-503000,569941.2250399159,-1.0812518398200157,8.250393279007982e-07,1.5484879922914235e-06,1.7545668852607828e-06,1.0812518398200157,362
1770777539736.937,268000,-503000,569941.2250399159,-1.0812518398200157,8.250393279007982e-07,1.5484879922914235e-06,1.7545668852607828e-06,1.0812518398200157,362
1770777539770.187,268000,-503000,569941.2250399159,-1.0812518398200157,8.250393279007982e-07,1.5484879922914235e-06,1.7545668852607828e-06,1.0812518398200157,362
1770777539803.469,268000,-503000,569941.2250399159,-1.0812518398200157,8.250393279007982e-07,1.5484879922914235e-06,1.7545668852607828e-06,1.0812518398200157,362
1770777539836.75,268000,-503000,569941.2250399159,-1.0812518398200157,8.250393279007982e-07,1.5484879922914235e-06,1.7545668852607828e-06,1.0812518398200157,362
1770777539870.031,268000,-502000,569058.8721740484,-1.0804255211353335,8.275998369504799e-07,1.5502056647356005e-06,1.7572874247256212e-06,1.0804255211353335,363
1770777539903.281,268000,-502000,569058.8721740484,-1.0804255211353335,8.275998369504799e-07,1.5502056647356005e-06,1.7572874247256212e-06,1.0804255211353335,363
1770777539936.562,267000,-502000,568588.6034735483,-1.0819770095678007,8.258762175487871e-07,1.5527710157658842e-06,1.7587408433636001e-06,1.0819770095678007,363
1770777539969.844,267000,-502000,568588.6034735483,-1.0819770095678007,8.258762175487871e-07,1.5527710157658842e-06,1.7587408433636001e-06,1.0819770095678007,363
1770777540003.125,267000,-502000,568588.6034735483,-1.0819770095678007,8.258762175487871e-07,1.5527710157658842e-06,1.7587408433636001e-06,1.0819770095678007,363
1770777540036.406,267000,-502000,568588.6034735483,-1.0819770095678007,8.258762175487871e-07,1.5527710157658842e-06,1.7587408433636001e-06,1.0819770095678007,363
1770777540069.687,267000,-502000,568588.6034735483,-1.0819770095678007,8.258762175487871e-07,1.5527710157658842e-06,1.7587408433636001e-06,1.0819770095678007,364
1770777540102.937,267000,-502000,568588.6034735483,-1.0819770095678007,8.258762175487871e-07,1.5527710157658842e-06,1.7587408433636001e-06,1.0819770095678007,364
1770777540136.219,267000,-502000,568588.6034735483,-1.0819770095678007,8.258762175487871e-07,1.5527710157658842e-06,1.7587408433636001e-06,1.0819770095678007,364
1770777540169.4692,267000,-502000,568588.6034735483,-1.0819770095678007,8.258762175487871e-07,1.5527710157658842e-06,1.7587408433636001e-06,1.0819770095678007,364
1770777540202.75,267000,-502000,568588.6034735483,-1.0819770095678007,8.258762175487871e-07,1.5527710157658842e-06,1.7587408433636001e-06,1.0819770095678007,364
1770777540236.0,267000,-502000,568588.6034735483,-1.0819770095678007,8.258762175487871e-07,1.5527710157658842e-06,1.7587408433636001e-06,1.0819770095678007,364
1770777540269.281,267000,-502000,568588.6034735483,-1.0819770095678007,8.258762175487871e-07,1.5527710157658842e-06,1.7587408433636001e-06,1.0819770095678007,365
1770777540302.563,267000,-501000,567705.9097807596,-1.08114984914788,8.284464302336405e-07,1.5545006050451457e-06,1.7614754096644627e-06,1.08114984914788,365
1770777540335.844,267000,-501000,567705.9097807596,-1.08114984914788,8.284464302336405e-07,1.5545006050451457e-06,1.7614754096644627e-06,1.08114984914788,365
1770777540369.094,266000,-501000,567236.2823374401,-1.0827056373859258,8.267108407897886e-07,1.5570756813371581e-06,1.7629337740513495e-06,1.0827056373859258,365
1770777540402.375,266000,-501000,567236.2823374401,-1.0827056373859258,8.267108407897886e-07,1.5570756813371581e-06,1.7629337740513495e-06,1.0827056373859258,365
1770777540435.656,266000,-501000,567236.2823374401,-1.0827056373859258,8.267108407897886e-07,1.5570756813371581e-06,1.7629337740513495e-06,1.0827056373859258,365
1770777540468.9382,266000,-501000,567236.2823374401,-1.0827056373859258,8.267108407897886e-07,1.5570756813371581e-06,1.7629337740513495e-06,1.0827056373859258,366
1770777540502.219,266000,-501000,567236.2823374401,-1.0827056373859258,8.267108407897886e-07,1.5570756813371581e-06,1.7629337740513495e-06,1.0827056373859258,366
1770777540535.5,266000,-501000,567236.2823374401,-1.0827056373859258,8.267108407897886e-07,1.5570756813371581e-06,1.7629337740513495e-06,1.0827056373859258,366
1770777540568.75,266000,-501000,567236.2823374401,-1.0827056373859258,8.267108407897886e-07,1.5570756813371581e-06,1.7629337740513495e-06,1.0827056373859258,366
1770777540602.031,266000,-501000,567236.2823374401,-1.0827056373859258,8.267108407897886e-07,1.5570756813371581e-06,1.7629337740513495e-06,1.0827056373859258,366
1770777540635.313,266000,-500000,566353.2466579493,-1.081877637475538,8.292908004838569e-07,1.5588172941425881e-06,1.765682470968429e-06,1.081877637475538,366
1770777540668.594,266000,-500000,566353.2466579493,-1.081877637475538,8.292908004838569e-07,1.5588172941425881e-06,1.765682470968429e-06,1.081877637475538,367
1770777540701.844,266000,-500000,566353.2466579493,-1.081877637475538,8.292908004838569e-07,1.5588172941425881e-06,1.765682470968429e-06,1.081877637475538,367
1770777540735.125,266000,-500000,566353.2466579493,-1.081877637475538,8.292908004838569e-07,1.5588172941425881e-06,1.765682470968429e-06,1.081877637475538,367
1770777540768.406,265000,-500000,565884.2637854493,-1.0834377472897063,8.275431337340932e-07,1.5614021391209305e-06,1.767145799938947e-06,1.0834377472897063,367
1770777540801.688,265000,-500000,565884.2637854493,-1.0834377472897063,8.275431337340932e-07,1.5614021391209305e-06,1.767145799938947e-06,1.0834377472897063,367
1770777540834.938,265000,-500000,565884.2637854493,-1.0834377472897063,8.275431337340932e-07,1.5614021391209305e-06,1.767145799938947e-06,1.0834377472897063,367
1770777540868.219,265000,-500000,565884.2637854493,-1.0834377472897063,8.275431337340932e-07,1.5614021391209305e-06,1.767145799938947e-06,1.0834377472897063,368
1770777540901.5,265000,-500000,565884.2637854493,-1.0834377472897063,8.275431337340932e-07,1.5614021391209305e-06,1.767145799938947e-06,1.0834377472897063,368
1770777540934.781,265000,-500000,565884.2637854493,-1.0834377472897063,8.275431337340932e-07,1.5614021391209305e-06,1.767145799938947e-06,1.0834377472897063,368
1770777540968.031,265000,-500000,565884.2637854493,-1.0834377472897063,8.275431337340932e-07,1.5614021391209305e-06,1.767145799938947e-06,1.0834377472897063,368
1770777541001.312,265000,-499000,565000.8849550592,-1.0826089101974627,8.301328839129645e-07,1.5631558832927143e-06,1.7699087322306427e-06,1.0826089101974627,368
1770777541034.562,265000,-499000,565000.8849550592,-1.0826089101974627,8.301328839129645e-07,1.5631558832927143e-06,1.7699087322306427e-06,1.0826089101974627,368
1770777541067.844,265000,-499000,565000.8849550592,-1.0826089101974627,8.301328839129645e-07,1.5631558832927143e-06,1.7699087322306427e-06,1.0826089101974627,369
1770777541101.094,265000,-499000,565000.8849550592,-1.0826089101974627,8.301328839129645e-07,1.5631558832927143e-06,1.7699087322306427e-06,1.0826089101974627,369
1770777541134.344,264000,-499000,564532.5499915838,-1.084173363509613,8.283730314373841e-07,1.5657505404820253e-06,1.7713770446272908e-06,1.0841733635096131,369
1770777541167.594,265000,-499000,565000.8849550592,-1.0826089101974627,8.301328839129645e-07,1.5631558832927143e-06,1.7699087322306427e-06,1.0826089101974627,369
1770777541200.844,264000,-499000,564532.5499915838,-1.084173363509613,8.283730314373841e-07,1.5657505404820253e-06,1.7713770446272908e-06,1.0841733635096131,369
1770777541234.094,264000,-499000,564532.5499915838,-1.084173363509613,8.283730314373841e-07,1.5657505404820253e-06,1.7713770446272908e-06,1.0841733635096131,369
1770777541267.375,264000,-499000,564532.5499915838,-1.084173363509613,8.283730314373841e-07,1.5657505404820253e-06,1.7713770446272908e-06,1.0841733635096131,370
1770777541300.656,264000,-499000,564532.5499915838,-1.084173363509613,8.283730314373841e-07,1.5657505404820253e-06,1.7713770446272908e-06,1.0841733635096131,370
1770777541333.937,264000,-499000,564532.5499915838,-1.084173363509613,8.283730314373841e-07,1.5657505404820253e-06,1.7713770446272908e-06,1.0841733635096131,370
1770777541367.188,264000,-499000,564532.5499915838,-1.084173363509613,8.283730314373841e-07,1.5657505404820253e-06,1.7713770446272908e-06,1.0841733635096131,370
1770777541400.438,264000,-498000,563648.8268416781,-1.0833436916090207,8.309726156751652e-07,1.5675165250236072e-06,1.7741543180411647e-06,1.0833436916090207,370
1770777541433.688,264000,-498000,563648.8268416781,-1.0833436916090207,8.309726156751652e-07,1.5675165250236072e-06,1.7741543180411647e-06,1.0833436916090207,370
1770777541466.969,264000,-498000,563648.8268416781,-1.0833436916090207,8.309726156751652e-07,1.5675165250236072e-06,1.7741543180411647e-06,1.0833436916090207,371
1770777541500.219,264000,-498000,563648.8268416781,-1.0833436916090207,8.309726156751652e-07,1.5675165250236072e-06,1.7741543180411647e-06,1.0833436916090207,371
1770777541533.5,264000,-498000,563648.8268416781,-1.0833436916090207,8.309726156751652e-07,1.5675165250236072e-06,1.7741543180411647e-06,1.0833436916090207,371
1770777541566.75,264000,-498000,563648.8268416781,-1.0833436916090207,8.309726156751652e-07,1.5675165250236072e-06,1.7741543180411647e-06,1.0833436916090207,371
1770777541600.031,263000,-498000,563181.1431502302,-1.0849125104935893,8.292004678834579e-07,1.570121038045483e-06,1.775627632712211e-06,1.0849125104935893,371
1770777541633.281,263000,-498000,563181.1431502302,-1.0849125104935893,8.292004678834579e-07,1.570121038045483e-06,1.775627632712211e-06,1.0849125104935893,371
1770777541666.563,263000,-498000,563181.1431502302,-1.0849125104935893,8.292004678834579e-07,1.570121038045483e-06,1.775627632712211e-06,1.0849125104935893,372
1770777541699.813,263000,-498000,563181.1431502302,-1.0849125104935893,8.292004678834579e-07,1.570121038045483e-06,1.775627632712211e-06,1.0849125104935893,372
1770777541733.094,263000,-498000,563181.1431502302,-1.0849125104935893,8.292004678834579e-07,1.570121038045483e-06,1.775627632712211e-06,1.0849125104935893,372
1770777541766.344,263000,-498000,563181.1431502302,-1.0849125104935893,8.292004678834579e-07,1.570121038045483e-06,1.775627632712211e-06,1.0849125104935893,372
1770777541799.594,263000,-497000,562297.074507773,-1.0840820062241237,8.318099298496416e-07,1.571899373137916e-06,1.778419353996081e-06,1.0840820062241237,372
1770777541832.844,263000,-497000,562297.074507773,-1.0840820062241237,8.318099298496416e-07,1.571899373137916e-06,1.778419353996081e-06,1.0840820062241237,372
1770777541866.125,263000,-497000,562297.074507773,-1.0840820062241237,8.318099298496416e-07,1.571899373137916e-06,1.778419353996081e-06,1.0840820062241237,373
1770777541899.375,263000,-497000,562297.074507773,-1.0840820062241237,8.318099298496416e-07,1.571899373137916e-06,1.778419353996081e-06,1.0840820062241237,373
1770777541932.656,263000,-497000,562297.074507773,-1.0840820062241237,8.318099298496416e-07,1.571899373137916e-06,1.778419353996081e-06,1.0840820062241237,373
1770777541965.906,263000,-497000,562297.074507773,-1.0840820062241237,8.318099298496416e-07,1.571899373137916e-06,1.778419353996081e-06,1.0840820062241237,373
1770777541999.187,263000,-497000,562297.074507773,-1.0840820062241237,8.318099298496416e-07,1.571899373137916e-06,1.778419353996081e-06,1.0840820062241237,373
1770777542032.437,263000,-497000,562297.074507773,-1.0840820062241237,8.318099298496416e-07,1.571899373137916e-06,1.778419353996081e-06,1.0840820062241237,373
1770777542065.75,263000,-497000,562297.074507773,-1.0840820062241237,8.318099298496416e-07,1.571899373137916e-06,1.778419353996081e-06,1.0840820062241237,374
1770777542099.031,262000,-497000,561830.0454763878,-1.0856552129093977,8.30025375966647e-07,1.5745137857077234e-06,1.7798976897935003e-06,1.0856552129093977,374
1770777542132.25,262000,-497000,561830.0454763878,-1.0856552129093977,8.30025375966647e-07,1.5745137857077234e-06,1.7798976897935003e-06,1.0856552129093977,374
1770777542165.469,262000,-496000,560945.6301639224,-1.0848238787775948,8.326447594228692e-07,1.5763045827242104e-06,1.782703966706675e-06,1.0848238787775948,374
1770777542198.781,262000,-496000,560945.6301639224,-1.0848238787775948,8.326447594228692e-07,1.5763045827242104e-06,1.782703966706675e-06,1.0848238787775948,374
1770777542232.062,262000,-496000,560945.6301639224,-1.0848238787775948,8.326447594228692e-07,1.5763045827242104e-06,1.782703966706675e-06,1.0848238787775948,374
1770777542265.312,262000,-496000,560945.6301639224,-1.0848238787775948,8.326447594228692e-07,1.5763045827242104e-06,1.782703966706675e-06,1.0848238787775948,375
1770777542298.531,262000,-496000,560945.6301639224,-1.0848238787775948,8.326447594228692e-07,1.5763045827242104e-06,1.782703966706675e-06,1.0848238787775948,375
1770777542331.813,262000,-496000,560945.6301639224,-1.0848238787775948,8.326447594228692e-07,1.5763045827242104e-06,1.782703966706675e-06,1.0848238787775948,375
1770777542365.094,262000,-496000,560945.6301639224,-1.0848238787775948,8.326447594228692e-07,1.5763045827242104e-06,1.782703966706675e-06,1.0848238787775948,375
1770777542398.375,262000,-496000,560945.6301639224,-1.0848238787775948,8.326447594228692e-07,1.5763045827242104e-06,1.782703966706675e-06,1.0848238787775948,375
1770777542431.6558,262000,-496000,560945.6301639224,-1.0848238787775948,8.326447594228692e-07,1.5763045827242104e-06,1.782703966706675e-06,1.0848238787775948,375
1770777542464.938,262000,-496000,560945.6301639224,-1.0848238787775948,8.326447594228692e-07,1.5763045827242104e-06,1.782703966706675e-06,1.0848238787775948,376
1770777542498.219,262000,-496000,560945.6301639224,-1.0848238787775948,8.326447594228692e-07,1.5763045827242104e-06,1.782703966706675e-06,1.0848238787775948,376
1770777542531.5,261000,-496000,560479.2592059049,-1.0864014956469958,8.308476874739366e-07,1.5789289386477875e-06,1.7841873424840277e-06,1.0864014956469958,376
1770777542564.781,261000,-495000,559594.4960415533,-1.0855693342275603,8.334770362706214e-07,1.5807323101684199e-06,1.787008283808681e-06,1.0855693342275603,376
1770777542598.063,262000,-496000,560945.6301639224,-1.0848238787775948,8.326447594228692e-07,1.5763045827242104e-06,1.782703966706675e-06,1.0848238787775948,376
1770777542631.344,261000,-495000,559594.4960415533,-1.0855693342275603,8.334770362706214e-07,1.5807323101684199e-06,1.787008283808681e-06,1.0855693342275603,376
1770777542664.625,261000,-495000,559594.4960415533,-1.0855693342275603,8.334770362706214e-07,1.5807323101684199e-06,1.787008283808681e-06,1.0855693342275603,377
1770777542697.906,261000,-495000,559594.4960415533,-1.0855693342275603,8.334770362706214e-07,1.5807323101684199e-06,1.787008283808681e-06,1.0855693342275603,377
1770777542731.188,261000,-495000,559594.4960415533,-1.0855693342275603,8.334770362706214e-07,1.5807323101684199e-06,1.787008283808681e-06,1.0855693342275603,377
1770777542764.438,261000,-495000,559594.4960415533,-1.0855693342275603,8.334770362706214e-07,1.5807323101684199e-06,1.787008283808681e-06,1.0855693342275603,377
1770777542797.719,261000,-495000,559594.4960415533,-1.0855693342275603,8.334770362706214e-07,1.5807323101684199e-06,1.787008283808681e-06,1.0855693342275603,377
1770777542831.0,261000,-495000,559594.4960415533,-1.0855693342275603,8.334770362706214e-07,1.5807323101684199e-06,1.787008283808681e-06,1.0855693342275603,377
1770777542864.281,261000,-495000,559594.4960415533,-1.0855693342275603,8.334770362706214e-07,1.5807323101684199e-06,1.787008283808681e-06,1.0855693342275603,378
1770777542897.531,261000,-495000,559594.4960415533,-1.0855693342275603,8.334770362706214e-07,1.5807323101684199e-06,1.787008283808681e-06,1.0855693342275603,378
1770777542930.813,261000,-495000,559594.4960415533,-1.0855693342275603,8.334770362706214e-07,1.5807323101684199e-06,1.787008283808681e-06,1.0855693342275603,378
1770777542964.094,261000,-495000,559594.4960415533,-1.0855693342275603,8.334770362706214e-07,1.5807323101684199e-06,1.787008283808681e-06,1.0855693342275603,378
1770777542997.375,261000,-495000,559594.4960415533,-1.0855693342275603,8.334770362706214e-07,1.5807323101684199e-06,1.787008283808681e-06,1.0855693342275603,378
1770777543030.656,261000,-494000,558710.1216194315,-1.0847345377952093,8.361177228125591e-07,1.5825369926030811e-06,1.7898369141791842e-06,1.0847345377952093,378
1770777543063.938,260000,-494000,558243.6743931811,-1.0863183977578734,8.343066911396629e-07,1.5851827131653596e-06,1.7913324339716242e-06,1.0863183977578734,379
1770777543097.219,260000,-494000,558243.6743931811,-1.0863183977578734,8.343066911396629e-07,1.5851827131653596e-06,1.7913324339716242e-06,1.0863183977578734,379
1770777543130.531,260000,-494000,558243.6743931811,-1.0863183977578734,8.343066911396629e-07,1.5851827131653596e-06,1.7913324339716242e-06,1.0863183977578734,379
1770777543163.8132,260000,-494000,558243.6743931811,-1.0863183977578734,8.343066911396629e-07,1.5851827131653596e-06,1.7913324339716242e-06,1.0863183977578734,379
1770777543197.094,260000,-494000,558243.6743931811,-1.0863183977578734,8.343066911396629e-07,1.5851827131653596e-06,1.7913324339716242e-06,1.0863183977578734,379
1770777543230.344,260000,-494000,558243.6743931811,-1.0863183977578734,8.343066911396629e-07,1.5851827131653596e-06,1.7913324339716242e-06,1.0863183977578734,379
1770777543263.625,260000,-494000,558243.6743931811,-1.0863183977578734,8.343066911396629e-07,1.5851827131653596e-06,1.7913324339716242e-06,1.0863183977578734,380
1770777543296.875,260000,-494000,558243.6743931811,-1.0863183977578734,8.343066911396629e-07,1.5851827131653596e-06,1.7913324339716242e-06,1.0863183977578734,380
1770777543330.188,260000,-494000,558243.6743931811,-1.0863183977578734,8.343066911396629e-07,1.5851827131653596e-06,1.7913324339716242e-06,1.0863183977578734,380
1770777543363.469,260000,-494000,558243.6743931811,-1.0863183977578734,8.343066911396629e-07,1.5851827131653596e-06,1.7913324339716242e-06,1.0863183977578734,380
1770777543396.75,260000,-494000,558243.6743931811,-1.0863183977578734,8.343066911396629e-07,1.5851827131653596e-06,1.7913324339716242e-06,1.0863183977578734,380
1770777543430.0,260000,-493000,557358.9507669182,-1.085482766632913,8.369574664653677e-07,1.5870001191054856e-06,1.794175905175675e-06,1.085482766632913,380
1770777543463.281,260000,-493000,557358.9507669182,-1.085482766632913,8.369574664653677e-07,1.5870001191054856e-06,1.794175905175675e-06,1.085482766632913,381
1770777543496.562,260000,-493000,557358.9507669182,-1.085482766632913,8.369574664653677e-07,1.5870001191054856e-06,1.794175905175675e-06,1.085482766632913,381
1770777543529.844,259000,-493000,556893.1674926529,-1.0870710947805666,8.351336536291233e-07,1.5896559507303388e-06,1.7956765469082417e-06,1.0870710947805664,381
1770777543563.125,260000,-493000,557358.9507669182,-1.085482766632913,8.369574664653677e-07,1.5870001191054856e-06,1.794175905175675e-06,1.085482766632913,381
1770777543596.406,259000,-493000,556893.1674926529,-1.0870710947805666,8.351336536291233e-07,1.5896559507303388e-06,1.7956765469082417e-06,1.0870710947805664,381
1770777543629.687,259000,-493000,556893.1674926529,-1.0870710947805666,8.351336536291233e-07,1.5896559507303388e-06,1.7956765469082417e-06,1.0870710947805664,381
1770777543662.969,259000,-493000,556893.1674926529,-1.0870710947805666,8.351336536291233e-07,1.5896559507303388e-06,1.7956765469082417e-06,1.0870710947805664,382
1770777543696.219,259000,-493000,556893.1674926529,-1.0870710947805666,8.351336536291233e-07,1.5896559507303388e-06,1.7956765469082417e-06,1.0870710947805664,382
1770777543729.5,259000,-493000,556893.1674926529,-1.0870710947805666,8.351336536291233e-07,1.5896559507303388e-06,1.7956765469082417e-06,1.0870710947805664,382
1770777543762.781,259000,-492000,556008.0934662732,-1.0862346316330902,8.377945624221643e-07,1.5914861957980883e-06,1.7985349705357462e-06,1.0862346316330904,382
1770777543796.062,259000,-493000,556893.1674926529,-1.0870710947805666,8.351336536291233e-07,1.5896559507303388e-06,1.7956765469082417e-06,1.0870710947805664,382
1770777543829.344,259000,-492000,556008.0934662732,-1.0862346316330902,8.377945624221643e-07,1.5914861957980883e-06,1.7985349705357462e-06,1.0862346316330904,382
1770777543862.594,259000,-492000,556008.0934662732,-1.0862346316330902,8.377945624221643e-07,1.5914861957980883e-06,1.7985349705357462e-06,1.0862346316330904,383
1770777543895.844,259000,-492000,556008.0934662732,-1.0862346316330902,8.377945624221643e-07,1.5914861957980883e-06,1.7985349705357462e-06,1.0862346316330904,383
1770777543929.125,259000,-492000,556008.0934662732,-1.0862346316330902,8.377945624221643e-07,1.5914861957980883e-06,1.7985349705357462e-06,1.0862346316330904,383
1770777543962.406,259000,-492000,556008.0934662732,-1.0862346316330902,8.377945624221643e-07,1.5914861957980883e-06,1.7985349705357462e-06,1.0862346316330904,383
1770777543995.687,258000,-492000,555542.9776353941,-1.0878274509383352,8.359578521715463e-07,1.5941521832108557e-06,1.8000407533839902e-06,1.0878274509383352,383
1770777544028.969,258000,-492000,555542.9776353941,-1.0878274509383352,8.359578521715463e-07,1.5941521832108557e-06,1.8000407533839902e-06,1.0878274509383352,383
1770777544062.25,258000,-492000,555542.9776353941,-1.0878274509383352,8.359578521715463e-07,1.5941521832108557e-06,1.8000407533839902e-06,1.0878274509383352,384
1770777544095.5,258000,-492000,555542.9776353941,-1.0878274509383352,8.359578521715463e-07,1.5941521832108557e-06,1.8000407533839902e-06,1.0878274509383352,384
1770777544128.781,258000,-492000,555542.9776353941,-1.0878274509383352,8.359578521715463e-07,1.5941521832108557e-06,1.8000407533839902e-06,1.0878274509383352,384
1770777544162.031,258000,-492000,555542.9776353941,-1.0878274509383352,8.359578521715463e-07,1.5941521832108557e-06,1.8000407533839902e-06,1.0878274509383352,384
1770777544195.312,258000,-492000,555542.9776353941,-1.0878274509383352,8.359578521715463e-07,1.5941521832108557e-06,1.8000407533839902e-06,1.0878274509383352,384
1770777544228.563,258000,-491000,554657.5520084442,-1.0869901585099628,8.386289391994019e-07,1.5959953842903346e-06,1.8029142420921654e-06,1.0869901585099628,384
1770777544261.844,258000,-491000,554657.5520084442,-1.0869901585099628,8.386289391994019e-07,1.5959953842903346e-06,1.8029142420921654e-06,1.0869901585099628,385
1770777544295.094,258000,-491000,554657.5520084442,-1.0869901585099628,8.386289391994019e-07,1.5959953842903346e-06,1.8029142420921654e-06,1.0869901585099628,385
1770777544328.375,258000,-491000,554657.5520084442,-1.0869901585099628,8.386289391994019e-07,1.5959953842903346e-06,1.8029142420921654e-06,1.0869901585099628,385
1770777544361.625,258000,-491000,554657.5520084442,-1.0869901585099628,8.386289391994019e-07,1.5959953842903346e-06,1.8029142420921654e-06,1.0869901585099628,385
1770777544394.906,257000,-491000,554193.107138658,-1.0885874921070524,8.367792140136099e-07,1.5986715722983752e-06,1.80442518522664e-06,1.0885874921070524,385
1770777544428.156,258000,-491000,554657.5520084442,-1.0869901585099628,8.386289391994019e-07,1.5959953842903346e-06,1.8029142420921654e-06,1.0869901585099628,385
1770777544461.438,257000,-491000,554193.107138658,-1.0885874921070524,8.367792140136099e-07,1.5986715722983752e-06,1.80442518522664e-06,1.0885874921070524,386
1770777544494.719,257000,-491000,554193.107138658,-1.0885874921070524,8.367792140136099e-07,1.5986715722983752e-06,1.80442518522664e-06,1.0885874921070524,386
1770777544528.0,258000,-491000,554657.5520084442,-1.0869901585099628,8.386289391994019e-07,1.5959953842903346e-06,1.8029142420921654e-06,1.0869901585099628,386
1770777544561.25,257000,-491000,554193.107138658,-1.0885874921070524,8.367792140136099e-07,1.5986715722983752e-06,1.80442518522664e-06,1.0885874921070524,386
1770777544594.531,257000,-491000,554193.107138658,-1.0885874921070524,8.367792140136099e-07,1.5986715722983752e-06,1.80442518522664e-06,1.0885874921070524,386
1770777544627.813,257000,-490000,553307.3287062083,-1.0877493732121173,8.394605241238744e-07,1.6005278475513556e-06,1.8073138527521184e-06,1.0877493732121173,386
1770777544661.094,257000,-490000,553307.3287062083,-1.0877493732121173,8.394605241238744e-07,1.6005278475513556e-06,1.8073138527521184e-06,1.0877493732121173,387
1770777544694.375,257000,-490000,553307.3287062083,-1.0877493732121173,8.394605241238744e-07,1.6005278475513556e-06,1.8073138527521184e-06,1.0877493732121173,387
1770777544727.688,257000,-491000,554193.107138658,-1.0885874921070524,8.367792140136099e-07,1.5986715722983752e-06,1.80442518522664e-06,1.0885874921070524,387
1770777544760.969,257000,-490000,553307.3287062083,-1.0877493732121173,8.394605241238744e-07,1.6005278475513556e-06,1.8073138527521184e-06,1.0877493732121173,387
1770777544794.25,257000,-490000,553307.3287062083,-1.0877493732121173,8.394605241238744e-07,1.6005278475513556e-06,1.8073138527521184e-06,1.0877493732121173,387
1770777544827.5,257000,-490000,553307.3287062083,-1.0877493732121173,8.394605241238744e-07,1.6005278475513556e-06,1.8073138527521184e-06,1.0877493732121173,387
1770777544860.781,257000,-490000,553307.3287062083,-1.0877493732121173,8.394605241238744e-07,1.6005278475513556e-06,1.8073138527521184e-06,1.0877493732121173,388
1770777544894.063,256000,-490000,552843.558341779,-1.0893512443983138,8.375976651965083e-07,1.6032142810401917e-06,1.8088299753359518e-06,1.0893512443983138,388
1770777544927.344,257000,-490000,553307.3287062083,-1.0877493732121173,8.394605241238744e-07,1.6005278475513556e-06,1.8073138527521184e-06,1.0877493732121173,388
1770777544960.625,257000,-490000,553307.3287062083,-1.0877493732121173,8.394605241238744e-07,1.6005278475513556e-06,1.8073138527521184e-06,1.0877493732121173,388
1770777544993.906,256000,-490000,552843.558341779,-1.0893512443983138,8.375976651965083e-07,1.6032142810401917e-06,1.8088299753359518e-06,1.0893512443983138,388
1770777545027.188,256000,-490000,552843.558341779,-1.0893512443983138,8.375976651965083e-07,1.6032142810401917e-06,1.8088299753359518e-06,1.0893512443983138,388
1770777545060.469,256000,-489000,551957.4258944253,-1.0885123019250704,8.402892433129717e-07,1.6050837499220436e-06,1.8117339365070403e-06,1.0885123019250704,389
1770777545093.75,256000,-489000,551957.4258944253,-1.0885123019250704,8.402892433129717e-07,1.6050837499220436e-06,1.8117339365070403e-06,1.0885123019250704,389
1770777545127.031,256000,-489000,551957.4258944253,-1.0885123019250704,8.402892433129717e-07,1.6050837499220436e-06,1.8117339365070403e-06,1.0885123019250704,389
1770777545160.312,256000,-489000,551957.4258944253,-1.0885123019250704,8.402892433129717e-07,1.6050837499220436e-06,1.8117339365070403e-06,1.0885123019250704,389
1770777545193.594,256000,-489000,551957.4258944253,-1.0885123019250704,8.402892433129717e-07,1.6050837499220436e-06,1.8117339365070403e-06,1.0885123019250704,389
1770777545226.844,256000,-489000,551957.4258944253,-1.0885123019250704,8.402892433129717e-07,1.6050837499220436e-06,1.8117339365070403e-06,1.0885123019250704,389
1770777545260.156,256000,-489000,551957.4258944253,-1.0885123019250704,8.402892433129717e-07,1.6050837499220436e-06,1.8117339365070403e-06,1.0885123019250704,390
1770777545293.437,256000,-489000,551957.4258944253,-1.0885123019250704,8.402892433129717e-07,1.6050837499220436e-06,1.8117339365070403e-06,1.0885123019250704,390
1770777545326.719,256000,-489000,551957.4258944253,-1.0885123019250704,8.402892433129717e-07,1.6050837499220436e-06,1.8117339365070403e-06,1.0885123019250704,390
1770777545359.969,255000,-489000,551494.3336064297,-1.0901187341620149,8.384131305359926e-07,1.607780473851374e-06,1.8132552576934422e-06,1.0901187341620149,390
1770777545393.25,256000,-489000,551957.4258944253,-1.0885123019250704,8.402892433129717e-07,1.6050837499220436e-06,1.8117339365070403e-06,1.0885123019250704,390
1770777545426.531,255000,-489000,551494.3336064297,-1.0901187341620149,8.384131305359926e-07,1.607780473851374e-06,1.8132552576934422e-06,1.0901187341620149,390
1770777545459.812,256000,-488000,551071.6831774247,-1.087670661977563,8.429926238145417e-07,1.6069546891464699e-06,1.8146459535610669e-06,1.087670661977563,391
1770777545493.094,255000,-488000,550607.8459302955,-1.0892789710738666,8.411150216545887e-07,1.609663257127213e-06,1.8161746284425368e-06,1.0892789710738666,391
1770777545526.375,255000,-488000,550607.8459302955,-1.0892789710738666,8.411150216545887e-07,1.609663257127213e-06,1.8161746284425368e-06,1.0892789710738666,391
1770777545559.625,255000,-488000,550607.8459302955,-1.0892789710738666,8.411150216545887e-07,1.609663257127213e-06,1.8161746284425368e-06,1.0892789710738666,391
1770777545592.906,255000,-488000,550607.8459302955,-1.0892789710738666,8.411150216545887e-07,1.609663257127213e-06,1.8161746284425368e-06,1.0892789710738666,391
1770777545626.156,255000,-488000,550607.8459302955,-1.0892789710738666,8.411150216545887e-07,1.609663257127213e-06,1.8161746284425368e-06,1.0892789710738666,391
1770777545659.437,255000,-488000,550607.8459302955,-1.0892789710738666,8.411150216545887e-07,1.609663257127213e-06,1.8161746284425368e-06,1.0892789710738666,392
1770777545692.687,255000,-488000,550607.8459302955,-1.0892789710738666,8.411150216545887e-07,1.609663257127213e-06,1.8161746284425368e-06,1.0892789710738666,392
1770777545725.969,255000,-488000,550607.8459302955,-1.0892789710738666,8.411150216545887e-07,1.609663257127213e-06,1.8161746284425368e-06,1.0892789710738666,392
1770777545759.219,255000,-488000,550607.8459302955,-1.0892789710738666,8.411150216545887e-07,1.609663257127213e-06,1.8161746284425368e-06,1.0892789710738666,392
1770777545792.5,255000,-488000,550607.8459302955,-1.0892789710738666,8.411150216545887e-07,1.609663257127213e-06,1.8161746284425368e-06,1.0892789710738666,392
1770777545825.781,255000,-488000,550607.8459302955,-1.0892789710738666,8.411150216545887e-07,1.609663257127213e-06,1.8161746284425368e-06,1.0892789710738666,392
1770777545859.062,255000,-487000,549721.7477961009,-1.0884365001567275,8.438287987187039e-07,1.6115475489255246e-06,1.8191021257738439e-06,1.0884365001567273,393
1770777545892.313,255000,-488000,550607.8459302955,-1.0892789710738666,8.411150216545887e-07,1.609663257127213e-06,1.8161746284425368e-06,1.0892789710738666,393
1770777545925.594,254000,-487000,549258.5911936199,-1.0900494073257077,8.419377827866815e-07,1.6142665362878498e-06,1.820636064748396e-06,1.0900494073257077,393
1770777545958.875,254000,-487000,549258.5911936199,-1.0900494073257077,8.419377827866815e-07,1.6142665362878498e-06,1.820636064748396e-06,1.0900494073257077,393
1770777545992.156,254000,-487000,549258.5911936199,-1.0900494073257077,8.419377827866815e-07,1.6142665362878498e-06,1.820636064748396e-06,1.0900494073257077,393
1770777546025.438,254000,-487000,549258.5911936199,-1.0900494073257077,8.419377827866815e-07,1.6142665362878498e-06,1.820636064748396e-06,1.0900494073257077,393
1770777546058.719,254000,-487000,549258.5911936199,-1.0900494073257077,8.419377827866815e-07,1.6142665362878498e-06,1.820636064748396e-06,1.0900494073257077,394
1770777546092.0,254000,-487000,549258.5911936199,-1.0900494073257077,8.419377827866815e-07,1.6142665362878498e-06,1.820636064748396e-06,1.0900494073257077,394
1770777546125.281,254000,-487000,549258.5911936199,-1.0900494073257077,8.419377827866815e-07,1.6142665362878498e-06,1.820636064748396e-06,1.0900494073257077,394
1770777546158.531,254000,-487000,549258.5911936199,-1.0900494073257077,8.419377827866815e-07,1.6142665362878498e-06,1.820636064748396e-06,1.0900494073257077,394
1770777546191.813,254000,-487000,549258.5911936199,-1.0900494073257077,8.419377827866815e-07,1.6142665362878498e-06,1.820636064748396e-06,1.0900494073257077,394
1770777546225.094,254000,-487000,549258.5911936199,-1.0900494073257077,8.419377827866815e-07,1.6142665362878498e-06,1.820636064748396e-06,1.0900494073257077,394
1770777546258.375,254000,-486000,548372.1364183268,-1.089206108433321,8.446620021814893e-07,1.6161643033866291e-06,1.8235791601875776e-06,1.089206108433321,395
1770777546291.625,254000,-487000,549258.5911936199,-1.0900494073257077,8.419377827866815e-07,1.6142665362878498e-06,1.820636064748396e-06,1.0900494073257077,395
1770777546324.906,254000,-486000,548372.1364183268,-1.089206108433321,8.446620021814893e-07,1.6161643033866291e-06,1.8235791601875776e-06,1.089206108433321,395
1770777546358.156,254000,-486000,548372.1364183268,-1.089206108433321,8.446620021814893e-07,1.6161643033866291e-06,1.8235791601875776e-06,1.089206108433321,395
1770777546391.438,253000,-486000,547909.6640870647,-1.0908236375926146,8.427574490764644e-07,1.6188937559334455e-06,1.825118382728684e-06,1.0908236375926146,395
1770777546424.719,253000,-486000,547909.6640870647,-1.0908236375926146,8.427574490764644e-07,1.6188937559334455e-06,1.825118382728684e-06,1.0908236375926146,395
1770777546458.031,253000,-486000,547909.6640870647,-1.0908236375926146,8.427574490764644e-07,1.6188937559334455e-06,1.825118382728684e-06,1.0908236375926146,396
1770777546491.313,253000,-486000,547909.6640870647,-1.0908236375926146,8.427574490764644e-07,1.6188937559334455e-06,1.825118382728684e-06,1.0908236375926146,396
1770777546524.594,253000,-486000,547909.6640870647,-1.0908236375926146,8.427574490764644e-07,1.6188937559334455e-06,1.825118382728684e-06,1.0908236375926146,396
1770777546557.875,253000,-486000,547909.6640870647,-1.0908236375926146,8.427574490764644e-07,1.6188937559334455e-06,1.825118382728684e-06,1.0908236375926146,396
1770777546591.156,232000,-477000,530427.1863319224,-1.1181094930008866,8.245869068394508e-07,1.695379114493181e-06,1.8852729003491077e-06,1.1181094930008866,396
1770777546624.406,232000,-477000,530427.1863319224,-1.1181094930008866,8.245869068394508e-07,1.695379114493181e-06,1.8852729003491077e-06,1.1181094930008866,396
1770777546657.688,232000,-477000,530427.1863319224,-1.1181094930008866,8.245869068394508e-07,1.695379114493181e-06,1.8852729003491077e-06,1.1181094930008866,397
1770777546690.969,232000,-477000,530427.1863319224,-1.1181094930008866,8.245869068394508e-07,1.695379114493181e-06,1.8852729003491077e-06,1.1181094930008866,397
1770777546724.219,232000,-477000,530427.1863319224,-1.1181094930008866,8.245869068394508e-07,1.695379114493181e-06,1.8852729003491077e-06,1.1181094930008866,397
1770777546757.469,232000,-477000,530427.1863319224,-1.1181094930008866,8.245869068394508e-07,1.695379114493181e-06,1.8852729003491077e-06,1.1181094930008866,397
1770777546790.75,231000,-477000,529990.5659537724,-1.1198062696281426,8.223859873972017e-07,1.6981736622877283e-06,1.8868260384982465e-06,1.1198062696281426,397
1770777546824.0,231000,-477000,529990.5659537724,-1.1198062696281426,8.223859873972017e-07,1.6981736622877283e-06,1.8868260384982465e-06,1.1198062696281426,397
1770777546857.281,231000,-477000,529990.5659537724,-1.1198062696281426,8.223859873972017e-07,1.6981736622877283e-06,1.8868260384982465e-06,1.1198062696281426,398
1770777546890.562,231000,-476000,529090.7294595134,-1.1189824848972414,8.251856667750244e-07,1.7003825860818685e-06,1.8900350059460284e-06,1.1189824848972414,398
1770777546923.812,231000,-476000,529090.7294595134,-1.1189824848972414,8.251856667750244e-07,1.7003825860818685e-06,1.8900350059460284e-06,1.1189824848972414,398
1770777546957.062,231000,-477000,529990.5659537724,-1.1198062696281426,8.223859873972017e-07,1.6981736622877283e-06,1.8868260384982465e-06,1.1198062696281426,398
1770777546990.344,231000,-476000,529090.7294595134,-1.1189824848972414,8.251856667750244e-07,1.7003825860818685e-06,1.8900350059460284e-06,1.1189824848972414,398
1770777547023.594,231000,-476000,529090.7294595134,-1.1189824848972414,8.251856667750244e-07,1.7003825860818685e-06,1.8900350059460284e-06,1.1189824848972414,398
1770777547056.875,231000,-476000,529090.7294595134,-1.1189824848972414,8.251856667750244e-07,1.7003825860818685e-06,1.8900350059460284e-06,1.1189824848972414,399
1770777547090.125,231000,-476000,529090.7294595134,-1.1189824848972414,8.251856667750244e-07,1.7003825860818685e-06,1.8900350059460284e-06,1.1189824848972414,399
1770777547123.406,231000,-476000,529090.7294595134,-1.1189824848972414,8.251856667750244e-07,1.7003825860818685e-06,1.8900350059460284e-06,1.1189824848972414,399
1770777547156.656,231000,-475000,528191.2532407177,-1.1181558938974614,8.279985375610246e-07,1.7025943954176911e-06,1.893253615739563e-06,1.1181558938974614,399
1770777547189.937,231000,-476000,529090.7294595134,-1.1189824848972414,8.251856667750244e-07,1.7003825860818685e-06,1.8900350059460284e-06,1.1189824848972414,399
1770777547223.187,230000,-476000,528654.8968845366,-1.120684270130628,8.229686985644564e-07,1.703187393550788e-06,1.8915931846904084e-06,1.120684270130628,399
1770777547256.469,230000,-476000,528654.8968845366,-1.120684270130628,8.229686985644564e-07,1.703187393550788e-06,1.8915931846904084e-06,1.120684270130628,400
1770777547289.75,230000,-475000,527754.6778570513,-1.1198598975575167,8.257786554169284e-07,1.705412440534961e-06,1.8948197750903917e-06,1.1198598975575167,400
1770777547323.062,230000,-476000,528654.8968845366,-1.120684270130628,8.229686985644564e-07,1.703187393550788e-06,1.8915931846904084e-06,1.120684270130628,400
1770777547356.375,230000,-476000,528654.8968845366,-1.120684270130628,8.229686985644564e-07,1.703187393550788e-06,1.8915931846904084e-06,1.120684270130628,400
1770777547389.625,230000,-475000,527754.6778570513,-1.1198598975575167,8.257786554169284e-07,1.705412440534961e-06,1.8948197750903917e-06,1.1198598975575167,400
1770777547422.844,230000,-475000,527754.6778570513,-1.1198598975575167,8.257786554169284e-07,1.705412440534961e-06,1.8948197750903917e-06,1.1198598975575167,400
1770777547456.125,230000,-475000,527754.6778570513,-1.1198598975575167,8.257786554169284e-07,1.705412440534961e-06,1.8948197750903917e-06,1.1198598975575167,401
1770777547489.375,230000,-475000,527754.6778570513,-1.1198598975575167,8.257786554169284e-07,1.705412440534961e-06,1.8948197750903917e-06,1.1198598975575167,401
1770777547522.656,230000,-475000,527754.6778570513,-1.1198598975575167,8.257786554169284e-07,1.705412440534961e-06,1.8948197750903917e-06,1.1198598975575167,401
1770777547555.906,230000,-475000,527754.6778570513,-1.1198598975575167,8.257786554169284e-07,1.705412440534961e-06,1.8948197750903917e-06,1.1198598975575167,401
1770777547589.188,230000,-475000,527754.6778570513,-1.1198598975575167,8.257786554169284e-07,1.705412440534961e-06,1.8948197750903917e-06,1.1198598975575167,401
1770777547622.438,230000,-475000,527754.6778570513,-1.1198598975575167,8.257786554169284e-07,1.705412440534961e-06,1.8948197750903917e-06,1.1198598975575167,401
1770777547655.719,230000,-475000,527754.6778570513,-1.1198598975575167,8.257786554169284e-07,1.705412440534961e-06,1.8948197750903917e-06,1.1198598975575167,402
1770777547689.0,230000,-475000,527754.6778570513,-1.1198598975575167,8.257786554169284e-07,1.705412440534961e-06,1.8948197750903917e-06,1.1198598975575167,402
1770777547722.281,230000,-475000,527754.6778570513,-1.1198598975575167,8.257786554169284e-07,1.705412440534961e-06,1.8948197750903917e-06,1.1198598975575167,402
1770777547755.563,230000,-474000,526854.8187119483,-1.11903270839175,8.286018964175577e-07,1.707640430008358e-06,1.898056095310648e-06,1.11903270839175,402
1770777547788.844,230000,-475000,527754.6778570513,-1.1198598975575167,8.257786554169284e-07,1.705412440534961e-06,1.8948197750903917e-06,1.1198598975575167,402
1770777547822.094,230000,-474000,526854.8187119483,-1.11903270839175,8.286018964175577e-07,1.707640430008358e-06,1.898056095310648e-06,1.11903270839175,402
1770777547855.375,230000,-474000,526854.8187119483,-1.11903270839175,8.286018964175577e-07,1.707640430008358e-06,1.898056095310648e-06,1.11903270839175,403
1770777547888.656,230000,-474000,526854.8187119483,-1.11903270839175,8.286018964175577e-07,1.707640430008358e-06,1.898056095310648e-06,1.11903270839175,403
1770777547921.938,229000,-474000,526419.0346102618,-1.120741763285286,8.263657588671933e-07,1.7104688633320943e-06,1.8996273581565253e-06,1.120741763285286,403
1770777547955.219,229000,-474000,526419.0346102618,-1.120741763285286,8.263657588671933e-07,1.7104688633320943e-06,1.8996273581565253e-06,1.120741763285286,403
1770777547988.5,229000,-474000,526419.0346102618,-1.120741763285286,8.263657588671933e-07,1.7104688633320943e-06,1.8996273581565253e-06,1.120741763285286,403
1770777548021.781,229000,-474000,526419.0346102618,-1.120741763285286,8.263657588671933e-07,1.7104688633320943e-06,1.8996273581565253e-06,1.120741763285286,403
1770777548055.063,229000,-474000,526419.0346102618,-1.120741763285286,8.263657588671933e-07,1.7104688633320943e-06,1.8996273581565253e-06,1.120741763285286,404
1770777548088.312,229000,-474000,526419.0346102618,-1.120741763285286,8.263657588671933e-07,1.7104688633320943e-06,1.8996273581565253e-06,1.120741763285286,404
1770777548121.594,229000,-474000,526419.0346102618,-1.120741763285286,8.263657588671933e-07,1.7104688633320943e-06,1.8996273581565253e-06,1.120741763285286,404
1770777548154.875,229000,-474000,526419.0346102618,-1.120741763285286,8.263657588671933e-07,1.7104688633320943e-06,1.8996273581565253e-06,1.120741763285286,404
1770777548188.156,229000,-474000,526419.0346102618,-1.120741763285286,8.263657588671933e-07,1.7104688633320943e-06,1.8996273581565253e-06,1.120741763285286,404
1770777548221.406,229000,-474000,526419.0346102618,-1.120741763285286,8.263657588671933e-07,1.7104688633320943e-06,1.8996273581565253e-06,1.120741763285286,404
1770777548254.719,229000,-473000,525518.7912910441,-1.1199139818207462,8.291994061628707e-07,1.712713183908462e-06,1.9028815269256045e-06,1.1199139818207462,405
1770777548288.0,229000,-474000,526419.0346102618,-1.120741763285286,8.263657588671933e-07,1.7104688633320943e-06,1.8996273581565253e-06,1.120741763285286,405
1770777548321.281,229000,-473000,525518.7912910441,-1.1199139818207462,8.291994061628707e-07,1.712713183908462e-06,1.9028815269256045e-06,1.1199139818207462,405
1770777548354.562,229000,-473000,525518.7912910441,-1.1199139818207462,8.291994061628707e-07,1.712713183908462e-06,1.9028815269256045e-06,1.1199139818207462,405
1770777548387.844,229000,-473000,525518.7912910441,-1.1199139818207462,8.291994061628707e-07,1.712713183908462e-06,1.9028815269256045e-06,1.1199139818207462,405
1770777548421.094,228000,-473000,525083.8028353188,-1.1216281146851468,8.269468614102346e-07,1.7155520414343902e-06,1.9044579067193744e-06,1.1216281146851468,405
1770777548454.375,228000,-473000,525083.8028353188,-1.1216281146851468,8.269468614102346e-07,1.7155520414343902e-06,1.9044579067193744e-06,1.1216281146851468,406
1770777548487.656,229000,-473000,525518.7912910441,-1.1199139818207462,8.291994061628707e-07,1.712713183908462e-06,1.9028815269256045e-06,1.1199139818207462,406
1770777548520.937,229000,-473000,525518.7912910441,-1.1199139818207462,8.291994061628707e-07,1.712713183908462e-06,1.9028815269256045e-06,1.1199139818207462,406
1770777548554.219,229000,-473000,525518.7912910441,-1.1199139818207462,8.291994061628707e-07,1.712713183908462e-06,1.9028815269256045e-06,1.1199139818207462,406
1770777548587.5,228000,-473000,525083.8028353188,-1.1216281146851468,8.269468614102346e-07,1.7155520414343902e-06,1.9044579067193744e-06,1.1216281146851468,406
1770777548620.781,229000,-473000,525518.7912910441,-1.1199139818207462,8.291994061628707e-07,1.712713183908462e-06,1.9028815269256045e-06,1.1199139818207462,406
1770777548654.062,228000,-473000,525083.8028353188,-1.1216281146851468,8.269468614102346e-07,1.7155520414343902e-06,1.9044579067193744e-06,1.1216281146851468,407
1770777548687.3118,228000,-473000,525083.8028353188,-1.1216281146851468,8.269468614102346e-07,1.7155520414343902e-06,1.9044579067193744e-06,1.1216281146851468,407
1770777548720.562,228000,-473000,525083.8028353188,-1.1216281146851468,8.269468614102346e-07,1.7155520414343902e-06,1.9044579067193744e-06,1.1216281146851468,407
1770777548753.812,228000,-473000,525083.8028353188,-1.1216281146851468,8.269468614102346e-07,1.7155520414343902e-06,1.9044579067193744e-06,1.1216281146851468,407
1770777548787.062,228000,-472000,524183.17409088975,-1.1207997469048485,8.297909509113143e-07,1.7178128457462295e-06,1.9077300635113613e-06,1.1207997469048485,407
1770777548820.312,227000,-472000,523748.98567920877,-1.1225189846660397,8.275218454830796e-07,1.7206621632952138e-06,1.9093115735645365e-06,1.1225189846660397,407
1770777548853.563,228000,-472000,524183.17409088975,-1.1207997469048485,8.297909509113143e-07,1.7178128457462295e-06,1.9077300635113613e-06,1.1207997469048485,408
1770777548886.813,228000,-472000,524183.17409088975,-1.1207997469048485,8.297909509113143e-07,1.7178128457462295e-06,1.9077300635113613e-06,1.1207997469048485,408
1770777548920.094,228000,-472000,524183.17409088975,-1.1207997469048485,8.297909509113143e-07,1.7178128457462295e-06,1.9077300635113613e-06,1.1207997469048485,408
1770777548953.375,228000,-472000,524183.17409088975,-1.1207997469048485,8.297909509113143e-07,1.7178128457462295e-06,1.9077300635113613e-06,1.1207997469048485,408
1770777548986.656,228000,-472000,524183.17409088975,-1.1207997469048485,8.297909509113143e-07,1.7178128457462295e-06,1.9077300635113613e-06,1.1207997469048485,408
1770777549019.938,228000,-472000,524183.17409088975,-1.1207997469048485,8.297909509113143e-07,1.7178128457462295e-06,1.9077300635113613e-06,1.1207997469048485,408
1770777549053.25,228000,-472000,524183.17409088975,-1.1207997469048485,8.297909509113143e-07,1.7178128457462295e-06,1.9077300635113613e-06,1.1207997469048485,409
1770777549086.531,228000,-472000,524183.17409088975,-1.1207997469048485,8.297909509113143e-07,1.7178128457462295e-06,1.9077300635113613e-06,1.1207997469048485,409
1770777549119.813,228000,-472000,524183.17409088975,-1.1207997469048485,8.297909509113143e-07,1.7178128457462295e-06,1.9077300635113613e-06,1.1207997469048485,409
1770777549153.063,228000,-471000,523282.90627537225,-1.1199685282669911,8.326485894275541e-07,1.7200766913174473e-06,1.9110121657093846e-06,1.1199685282669911,409
1770777549186.344,228000,-472000,524183.17409088975,-1.1207997469048485,8.297909509113143e-07,1.7178128457462295e-06,1.9077300635113613e-06,1.1207997469048485,409
1770777549219.625,227000,-471000,522847.97025521676,-1.1216900366706508,8.30376412920218e-07,1.722939605662655e-06,1.9126018592208975e-06,1.1216900366706508,409
1770777549252.938,227000,-471000,522847.97025521676,-1.1216900366706508,8.30376412920218e-07,1.722939605662655e-06,1.9126018592208975e-06,1.1216900366706508,410
1770777549286.219,227000,-471000,522847.97025521676,-1.1216900366706508,8.30376412920218e-07,1.722939605662655e-06,1.9126018592208975e-06,1.1216900366706508,410
1770777549319.5,227000,-471000,522847.97025521676,-1.1216900366706508,8.30376412920218e-07,1.722939605662655e-06,1.9126018592208975e-06,1.1216900366706508,410
1770777549352.75,227000,-471000,522847.97025521676,-1.1216900366706508,8.30376412920218e-07,1.722939605662655e-06,1.9126018592208975e-06,1.1216900366706508,410
1770777549386.031,227000,-471000,522847.97025521676,-1.1216900366706508,8.30376412920218e-07,1.722939605662655e-06,1.9126018592208975e-06,1.1216900366706508,410
1770777549419.313,227000,-471000,522847.97025521676,-1.1216900366706508,8.30376412920218e-07,1.722939605662655e-06,1.9126018592208975e-06,1.1216900366706508,410
1770777549452.625,227000,-471000,522847.97025521676,-1.1216900366706508,8.30376412920218e-07,1.722939605662655e-06,1.9126018592208975e-06,1.1216900366706508,411
1770777549485.906,227000,-471000,522847.97025521676,-1.1216900366706508,8.30376412920218e-07,1.722939605662655e-06,1.9126018592208975e-06,1.1216900366706508,411
1770777549519.188,227000,-471000,522847.97025521676,-1.1216900366706508,8.30376412920218e-07,1.722939605662655e-06,1.9126018592208975e-06,1.1216900366706508,411
1770777549552.469,227000,-471000,522847.97025521676,-1.1216900366706508,8.30376412920218e-07,1.722939605662655e-06,1.9126018592208975e-06,1.1216900366706508,411
1770777549585.781,227000,-471000,522847.97025521676,-1.1216900366706508,8.30376412920218e-07,1.722939605662655e-06,1.9126018592208975e-06,1.1216900366706508,411
1770777549619.063,227000,-470000,521947.31534897274,-1.120858227291922,8.332446252050993e-07,1.725220149103069e-06,1.9159021812985134e-06,1.120858227291922,411
1770777549652.344,227000,-471000,522847.97025521676,-1.1216900366706508,8.30376412920218e-07,1.722939605662655e-06,1.9126018592208975e-06,1.1216900366706508,412
1770777549685.625,227000,-471000,522847.97025521676,-1.1216900366706508,8.30376412920218e-07,1.722939605662655e-06,1.9126018592208975e-06,1.1216900366706508,412
1770777549718.906,227000,-471000,522847.97025521676,-1.1216900366706508,8.30376412920218e-07,1.722939605662655e-06,1.9126018592208975e-06,1.1216900366706508,412
1770777549752.188,227000,-470000,521947.31534897274,-1.120858227291922,8.332446252050993e-07,1.725220149103069e-06,1.9159021812985134e-06,1.120858227291922,412
1770777549785.469,227000,-470000,521947.31534897274,-1.120858227291922,8.332446252050993e-07,1.725220149103069e-06,1.9159021812985134e-06,1.120858227291922,412
1770777549818.75,227000,-470000,521947.31534897274,-1.120858227291922,8.332446252050993e-07,1.725220149103069e-06,1.9159021812985134e-06,1.120858227291922,412
1770777549852.031,226000,-470000,521513.18295897375,-1.1225848844543327,8.309556725593435e-07,1.7280936553225285e-06,1.9174970694435307e-06,1.1225848844543327,413
1770777549885.281,226000,-470000,521513.18295897375,-1.1225848844543327,8.309556725593435e-07,1.7280936553225285e-06,1.9174970694435307e-06,1.1225848844543327,413
1770777549918.563,226000,-470000,521513.18295897375,-1.1225848844543327,8.309556725593435e-07,1.7280936553225285e-06,1.9174970694435307e-06,1.1225848844543327,413
1770777549951.813,227000,-470000,521947.31534897274,-1.120858227291922,8.332446252050993e-07,1.725220149103069e-06,1.9159021812985134e-06,1.120858227291922,413
1770777549985.094,226000,-470000,521513.18295897375,-1.1225848844543327,8.309556725593435e-07,1.7280936553225285e-06,1.9174970694435307e-06,1.1225848844543327,413
1770777550018.344,226000,-470000,521513.18295897375,-1.1225848844543327,8.309556725593435e-07,1.7280936553225285e-06,1.9174970694435307e-06,1.1225848844543327,413
1770777550051.625,226000,-470000,521513.18295897375,-1.1225848844543327,8.309556725593435e-07,1.7280936553225285e-06,1.9174970694435307e-06,1.1225848844543327,414
1770777550084.875,226000,-470000,521513.18295897375,-1.1225848844543327,8.309556725593435e-07,1.7280936553225285e-06,1.9174970694435307e-06,1.1225848844543327,414
1770777550118.156,226000,-470000,521513.18295897375,-1.1225848844543327,8.309556725593435e-07,1.7280936553225285e-06,1.9174970694435307e-06,1.1225848844543327,414
1770777550151.406,226000,-470000,521513.18295897375,-1.1225848844543327,8.309556725593435e-07,1.7280936553225285e-06,1.9174970694435307e-06,1.1225848844543327,414
1770777550184.687,226000,-470000,521513.18295897375,-1.1225848844543327,8.309556725593435e-07,1.7280936553225285e-06,1.9174970694435307e-06,1.1225848844543327,414
1770777550217.937,226000,-470000,521513.18295897375,-1.1225848844543327,8.309556725593435e-07,1.7280936553225285e-06,1.9174970694435307e-06,1.1225848844543327,414
1770777550251.219,226000,-470000,521513.18295897375,-1.1225848844543327,8.309556725593435e-07,1.7280936553225285e-06,1.9174970694435307e-06,1.1225848844543327,415
1770777550284.5,226000,-470000,521513.18295897375,-1.1225848844543327,8.309556725593435e-07,1.7280936553225285e-06,1.9174970694435307e-06,1.1225848844543327,415
1770777550317.781,226000,-470000,521513.18295897375,-1.1225848844543327,8.309556725593435e-07,1.7280936553225285e-06,1.9174970694435307e-06,1.1225848844543327,415
1770777550351.031,226000,-470000,521513.18295897375,-1.1225848844543327,8.309556725593435e-07,1.7280936553225285e-06,1.9174970694435307e-06,1.1225848844543327,415
1770777550384.312,226000,-469000,520612.13969710696,-1.1217524905190126,8.338344949213576e-07,1.7303910536199854e-06,1.9208157546648866e-06,1.1217524905190124,415
1770777550417.562,225000,-469000,520178.81540870154,-1.1234843239050922,8.315286082798075e-07,1.7332751879254655e-06,1.922415850815273e-06,1.1234843239050922,415
1770777550450.844,226000,-470000,521513.18295897375,-1.1225848844543327,8.309556725593435e-07,1.7280936553225285e-06,1.9174970694435307e-06,1.1225848844543327,416
1770777550484.125,226000,-469000,520612.13969710696,-1.1217524905190126,8.338344949213576e-07,1.7303910536199854e-06,1.9208157546648866e-06,1.1217524905190124,416
1770777550517.406,226000,-469000,520612.13969710696,-1.1217524905190126,8.338344949213576e-07,1.7303910536199854e-06,1.9208157546648866e-06,1.1217524905190124,416
1770777550550.656,225000,-469000,520178.81540870154,-1.1234843239050922,8.315286082798075e-07,1.7332751879254655e-06,1.922415850815273e-06,1.1234843239050922,416
1770777550583.937,225000,-469000,520178.81540870154,-1.1234843239050922,8.315286082798075e-07,1.7332751879254655e-06,1.922415850815273e-06,1.1234843239050922,416
1770777550617.188,225000,-469000,520178.81540870154,-1.1234843239050922,8.315286082798075e-07,1.7332751879254655e-06,1.922415850815273e-06,1.1234843239050922,416
1770777550650.469,225000,-469000,520178.81540870154,-1.1234843239050922,8.315286082798075e-07,1.7332751879254655e-06,1.922415850815273e-06,1.1234843239050922,417
1770777550683.719,225000,-468000,519277.3825230596,-1.122651351719107,8.344180768332165e-07,1.7355895998130905e-06,1.9257530438572353e-06,1.122651351719107,417
1770777550717.0,225000,-468000,519277.3825230596,-1.122651351719107,8.344180768332165e-07,1.7355895998130905e-06,1.9257530438572353e-06,1.122651351719107,417
1770777550750.281,225000,-468000,519277.3825230596,-1.122651351719107,8.344180768332165e-07,1.7355895998130905e-06,1.9257530438572353e-06,1.122651351719107,417
1770777550783.563,225000,-469000,520178.81540870154,-1.1234843239050922,8.315286082798075e-07,1.7332751879254655e-06,1.922415850815273e-06,1.1234843239050922,417
1770777550816.844,225000,-468000,519277.3825230596,-1.122651351719107,8.344180768332165e-07,1.7355895998130905e-06,1.9257530438572353e-06,1.122651351719107,417
1770777550850.125,225000,-468000,519277.3825230596,-1.122651351719107,8.344180768332165e-07,1.7355895998130905e-06,1.9257530438572353e-06,1.122651351719107,418
1770777550883.375,225000,-468000,519277.3825230596,-1.122651351719107,8.344180768332165e-07,1.7355895998130905e-06,1.9257530438572353e-06,1.122651351719107,418
1770777550916.656,225000,-468000,519277.3825230596,-1.122651351719107,8.344180768332165e-07,1.7355895998130905e-06,1.9257530438572353e-06,1.122651351719107,418
1770777550949.938,224000,-468000,518844.8708429139,-1.1243883889886201,8.320950965824666e-07,1.738484398216939e-06,1.927358361229249e-06,1.1243883889886201,418
1770777550983.219,225000,-468000,519277.3825230596,-1.122651351719107,8.344180768332165e-07,1.7355895998130905e-06,1.9257530438572353e-06,1.122651351719107,418
1770777551016.469,224000,-468000,518844.8708429139,-1.1243883889886201,8.320950965824666e-07,1.738484398216939e-06,1.927358361229249e-06,1.1243883889886201,418
1770777551049.75,224000,-468000,518844.8708429139,-1.1243883889886201,8.320950965824666e-07,1.738484398216939e-06,1.927358361229249e-06,1.1243883889886201,419
1770777551083.0,224000,-467000,517943.04706212634,-1.123554844981498,8.34995247236874e-07,1.7408159841947328e-06,1.9307142081975894e-06,1.123554844981498,419
1770777551116.281,224000,-468000,518844.8708429139,-1.1243883889886201,8.320950965824666e-07,1.738484398216939e-06,1.927358361229249e-06,1.1243883889886201,419
1770777551149.563,224000,-467000,517943.04706212634,-1.123554844981498,8.34995247236874e-07,1.7408159841947328e-06,1.9307142081975894e-06,1.123554844981498,419
1770777551182.844,224000,-467000,517943.04706212634,-1.123554844981498,8.34995247236874e-07,1.7408159841947328e-06,1.9307142081975894e-06,1.123554844981498,419
1770777551216.094,224000,-467000,517943.04706212634,-1.123554844981498,8.34995247236874e-07,1.7408159841947328e-06,1.9307142081975894e-06,1.123554844981498,419
1770777551249.375,224000,-468000,518844.8708429139,-1.1243883889886201,8.320950965824666e-07,1.738484398216939e-06,1.927358361229249e-06,1.1243883889886201,420
1770777551282.625,224000,-468000,518844.8708429139,-1.1243883889886201,8.320950965824666e-07,1.738484398216939e-06,1.927358361229249e-06,1.1243883889886201,420
1770777551315.906,224000,-467000,517943.04706212634,-1.123554844981498,8.34995247236874e-07,1.7408159841947328e-06,1.9307142081975894e-06,1.123554844981498,420
1770777551349.156,224000,-467000,517943.04706212634,-1.123554844981498,8.34995247236874e-07,1.7408159841947328e-06,1.9307142081975894e-06,1.123554844981498,420
1770777551382.406,224000,-467000,517943.04706212634,-1.123554844981498,8.34995247236874e-07,1.7408159841947328e-06,1.9307142081975894e-06,1.123554844981498,420
1770777551415.625,224000,-467000,517943.04706212634,-1.123554844981498,8.34995247236874e-07,1.7408159841947328e-06,1.9307142081975894e-06,1.123554844981498,420
1770777551448.875,224000,-467000,517943.04706212634,-1.123554844981498,8.34995247236874e-07,1.7408159841947328e-06,1.9307142081975894e-06,1.123554844981498,421
1770777551482.094,224000,-467000,517943.04706212634,-1.123554844981498,8.34995247236874e-07,1.7408159841947328e-06,1.9307142081975894e-06,1.123554844981498,421
1770777551515.406,224000,-467000,517943.04706212634,-1.123554844981498,8.34995247236874e-07,1.7408159841947328e-06,1.9307142081975894e-06,1.123554844981498,421
1770777551548.687,224000,-467000,517943.04706212634,-1.123554844981498,8.34995247236874e-07,1.7408159841947328e-06,1.9307142081975894e-06,1.123554844981498,421
1770777551581.875,224000,-467000,517943.04706212634,-1.123554844981498,8.34995247236874e-07,1.7408159841947328e-06,1.9307142081975894e-06,1.123554844981498,421
1770777551615.031,224000,-467000,517943.04706212634,-1.123554844981498,8.34995247236874e-07,1.7408159841947328e-06,1.9307142081975894e-06,1.123554844981498,421
1770777551648.281,224000,-467000,517943.04706212634,-1.123554844981498,8.34995247236874e-07,1.7408159841947328e-06,1.9307142081975894e-06,1.123554844981498,422
1770777551681.531,223000,-467000,517511.3525324831,-1.125297113990618,8.326550119857515e-07,1.7437214824993093e-06,1.9323247598461756e-06,1.1252971139906183,422
1770777551714.781,223000,-466000,516609.1365820005,-1.1244630047174773,8.355658804353936e-07,1.746070404856024e-06,1.9356994082919624e-06,1.1244630047174773,422
1770777551748.0,223000,-466000,516609.1365820005,-1.1244630047174773,8.355658804353936e-07,1.746070404856024e-06,1.9356994082919624e-06,1.1244630047174773,422
1770777551781.25,223000,-466000,516609.1365820005,-1.1244630047174773,8.355658804353936e-07,1.746070404856024e-06,1.9356994082919624e-06,1.1244630047174773,422
1770777551814.469,223000,-466000,516609.1365820005,-1.1244630047174773,8.355658804353936e-07,1.746070404856024e-06,1.9356994082919624e-06,1.1244630047174773,422
1770777551847.719,223000,-466000,516609.1365820005,-1.1244630047174773,8.355658804353936e-07,1.746070404856024e-06,1.9356994082919624e-06,1.1244630047174773,423
1770777551880.937,223000,-466000,516609.1365820005,-1.1244630047174773,8.355658804353936e-07,1.746070404856024e-06,1.9356994082919624e-06,1.1244630047174773,423
1770777551914.187,223000,-466000,516609.1365820005,-1.1244630047174773,8.355658804353936e-07,1.746070404856024e-06,1.9356994082919624e-06,1.1244630047174773,423
1770777551947.406,223000,-466000,516609.1365820005,-1.1244630047174773,8.355658804353936e-07,1.746070404856024e-06,1.9356994082919624e-06,1.1244630047174773,423
1770777551980.656,223000,-466000,516609.1365820005,-1.1244630047174773,8.355658804353936e-07,1.746070404856024e-06,1.9356994082919624e-06,1.1244630047174773,423
1770777552013.875,223000,-466000,516609.1365820005,-1.1244630047174773,8.355658804353936e-07,1.746070404856024e-06,1.9356994082919624e-06,1.1244630047174773,423
1770777552047.125,223000,-465000,515707.28131373134,-1.1236259775237676,8.384908668416343e-07,1.7484226595576679e-06,1.939084508274857e-06,1.1236259775237676,424
1770777552080.344,223000,-466000,516609.1365820005,-1.1244630047174773,8.355658804353936e-07,1.746070404856024e-06,1.9356994082919624e-06,1.1244630047174773,424
1770777552113.594,223000,-466000,516609.1365820005,-1.1244630047174773,8.355658804353936e-07,1.746070404856024e-06,1.9356994082919624e-06,1.1244630047174773,424
1770777552146.813,223000,-465000,515707.28131373134,-1.1236259775237676,8.384908668416343e-07,1.7484226595576679e-06,1.939084508274857e-06,1.1236259775237676,424
1770777552180.063,223000,-465000,515707.28131373134,-1.1236259775237676,8.384908668416343e-07,1.7484226595576679e-06,1.939084508274857e-06,1.1236259775237676,424
1770777552213.281,223000,-465000,515707.28131373134,-1.1236259775237676,8.384908668416343e-07,1.7484226595576679e-06,1.939084508274857e-06,1.1236259775237676,424
1770777552246.531,222000,-465000,515275.65438316605,-1.1253758656639283,8.361298487056936e-07,1.751353061478142e-06,1.9407088060410988e-06,1.1253758656639283,425
1770777552279.75,223000,-465000,515707.28131373134,-1.1236259775237676,8.384908668416343e-07,1.7484226595576679e-06,1.939084508274857e-06,1.1236259775237676,425
1770777552313.0,222000,-465000,515275.65438316605,-1.1253758656639283,8.361298487056936e-07,1.751353061478142e-06,1.9407088060410988e-06,1.1253758656639283,425
1770777552346.25,222000,-465000,515275.65438316605,-1.1253758656639283,8.361298487056936e-07,1.751353061478142e-06,1.9407088060410988e-06,1.1253758656639283,425
1770777552379.5,222000,-465000,515275.65438316605,-1.1253758656639283,8.361298487056936e-07,1.751353061478142e-06,1.9407088060410988e-06,1.1253758656639283,425
1770777552412.75,222000,-465000,515275.65438316605,-1.1253758656639283,8.361298487056936e-07,1.751353061478142e-06,1.9407088060410988e-06,1.1253758656639283,425
1770777552446.0,222000,-465000,515275.65438316605,-1.1253758656639283,8.361298487056936e-07,1.751353061478142e-06,1.9407088060410988e-06,1.1253758656639283,426
1770777552479.219,222000,-465000,515275.65438316605,-1.1253758656639283,8.361298487056936e-07,1.751353061478142e-06,1.9407088060410988e-06,1.1253758656639283,426
1770777552512.469,222000,-465000,515275.65438316605,-1.1253758656639283,8.361298487056936e-07,1.751353061478142e-06,1.9407088060410988e-06,1.1253758656639283,426
1770777552545.719,222000,-465000,515275.65438316605,-1.1253758656639283,8.361298487056936e-07,1.751353061478142e-06,1.9407088060410988e-06,1.1253758656639283,426
1770777552579.0,222000,-464000,514373.4052223151,-1.1245382690834211,8.390656890165545e-07,1.7537228815481139e-06,1.944112953444384e-06,1.1245382690834211,426
1770777552612.25,222000,-464000,514373.4052223151,-1.1245382690834211,8.390656890165545e-07,1.7537228815481139e-06,1.944112953444384e-06,1.1245382690834211,426
1770777552645.531,222000,-464000,514373.4052223151,-1.1245382690834211,8.390656890165545e-07,1.7537228815481139e-06,1.944112953444384e-06,1.1245382690834211,427
1770777552678.781,222000,-464000,514373.4052223151,-1.1245382690834211,8.390656890165545e-07,1.7537228815481139e-06,1.944112953444384e-06,1.1245382690834211,427
1770777552712.063,222000,-464000,514373.4052223151,-1.1245382690834211,8.390656890165545e-07,1.7537228815481139e-06,1.944112953444384e-06,1.1245382690834211,427
1770777552745.344,221000,-464000,513942.60379929584,-1.1262934628869659,8.36687022264961e-07,1.7566641553436285e-06,1.945742564651283e-06,1.1262934628869659,427
1770777552778.625,221000,-464000,513942.60379929584,-1.1262934628869659,8.36687022264961e-07,1.7566641553436285e-06,1.945742564651283e-06,1.1262934628869659,427
1770777552811.906,221000,-464000,513942.60379929584,-1.1262934628869659,8.36687022264961e-07,1.7566641553436285e-06,1.945742564651283e-06,1.1262934628869659,427
1770777552845.188,222000,-464000,514373.4052223151,-1.1245382690834211,8.390656890165545e-07,1.7537228815481139e-06,1.944112953444384e-06,1.1245382690834211,428
1770777552878.469,221000,-464000,513942.60379929584,-1.1262934628869659,8.36687022264961e-07,1.7566641553436285e-06,1.945742564651283e-06,1.1262934628869659,428
1770777552911.75,221000,-464000,513942.60379929584,-1.1262934628869659,8.36687022264961e-07,1.7566641553436285e-06,1.945742564651283e-06,1.1262934628869659,428
1770777552945.031,222000,-464000,514373.4052223151,-1.1245382690834211,8.390656890165545e-07,1.7537228815481139e-06,1.944112953444384e-06,1.1245382690834211,428
1770777552978.313,222000,-464000,514373.4052223151,-1.1245382690834211,8.390656890165545e-07,1.7537228815481139e-06,1.944112953444384e-06,1.1245382690834211,428
1770777553011.594,221000,-464000,513942.60379929584,-1.1262934628869659,8.36687022264961e-07,1.7566641553436285e-06,1.945742564651283e-06,1.1262934628869659,428
1770777553044.875,221000,-464000,513942.60379929584,-1.1262934628869659,8.36687022264961e-07,1.7566641553436285e-06,1.945742564651283e-06,1.1262934628869659,429
1770777553078.125,221000,-464000,513942.60379929584,-1.1262934628869659,8.36687022264961e-07,1.7566641553436285e-06,1.945742564651283e-06,1.1262934628869659,429
1770777553111.406,221000,-464000,513942.60379929584,-1.1262934628869659,8.36687022264961e-07,1.7566641553436285e-06,1.945742564651283e-06,1.1262934628869659,429
1770777553144.656,221000,-463000,513039.95945735066,-1.1254553036964217,8.396337525170016e-07,1.7590517077618632e-06,1.949165911087537e-06,1.1254553036964217,429
1770777553177.937,221000,-463000,513039.95945735066,-1.1254553036964217,8.396337525170016e-07,1.7590517077618632e-06,1.949165911087537e-06,1.1254553036964217,429
1770777553211.1868,221000,-463000,513039.95945735066,-1.1254553036964217,8.396337525170016e-07,1.7590517077618632e-06,1.949165911087537e-06,1.1254553036964217,429
1770777553244.469,221000,-463000,513039.95945735066,-1.1254553036964217,8.396337525170016e-07,1.7590517077618632e-06,1.949165911087537e-06,1.1254553036964217,430
1770777553277.719,221000,-463000,513039.95945735066,-1.1254553036964217,8.396337525170016e-07,1.7590517077618632e-06,1.949165911087537e-06,1.1254553036964217,430
1770777553310.969,221000,-463000,513039.95945735066,-1.1254553036964217,8.396337525170016e-07,1.7590517077618632e-06,1.949165911087537e-06,1.1254553036964217,430
1770777553344.219,221000,-463000,513039.95945735066,-1.1254553036964217,8.396337525170016e-07,1.7590517077618632e-06,1.949165911087537e-06,1.1254553036964217,430
1770777553377.5,221000,-463000,513039.95945735066,-1.1254553036964217,8.396337525170016e-07,1.7590517077618632e-06,1.949165911087537e-06,1.1254553036964217,430
1770777553410.75,220000,-462000,511706.94738297234,-1.1263771168937977,8.401949252226516e-07,1.7644093429675685e-06,1.9542435472379442e-06,1.1263771168937977,430
1770777553444.031,220000,-462000,511706.94738297234,-1.1263771168937977,8.401949252226516e-07,1.7644093429675685e-06,1.9542435472379442e-06,1.1263771168937977,431
1770777553477.312,220000,-462000,511706.94738297234,-1.1263771168937977,8.401949252226516e-07,1.7644093429675685e-06,1.9542435472379442e-06,1.1263771168937977,431
1770777553510.594,220000,-462000,511706.94738297234,-1.1263771168937977,8.401949252226516e-07,1.7644093429675685e-06,1.9542435472379442e-06,1.1263771168937977,431
1770777553543.875,219000,-461000,510374.37239736086,-1.1273037445453569,8.407490728725978e-07,1.7697959935811304e-06,1.9593460292740414e-06,1.1273037445453569,431
1770777553577.156,219000,-461000,510374.37239736086,-1.1273037445453569,8.407490728725978e-07,1.7697959935811304e-06,1.9593460292740414e-06,1.1273037445453569,431
1770777553610.406,219000,-461000,510374.37239736086,-1.1273037445453569,8.407490728725978e-07,1.7697959935811304e-06,1.9593460292740414e-06,1.1273037445453569,431
1770777553643.687,218000,-460000,509042.2379331601,-1.1282352228634969,8.412960590296538e-07,1.775211867677251e-06,1.9644735259302887e-06,1.1282352228634969,432
1770777553676.938,218000,-460000,509042.2379331601,-1.1282352228634969,8.412960590296538e-07,1.775211867677251e-06,1.9644735259302887e-06,1.1282352228634969,432
1770777553710.219,218000,-460000,509042.2379331601,-1.1282352228634969,8.412960590296538e-07,1.775211867677251e-06,1.9644735259302887e-06,1.1282352228634969,432
1770777553743.469,218000,-460000,509042.2379331601,-1.1282352228634969,8.412960590296538e-07,1.775211867677251e-06,1.9644735259302887e-06,1.1282352228634969,432
1770777553776.719,217000,-459000,507710.5474578995,-1.129171588407065,8.418357450440315e-07,1.7806571750009698e-06,1.9696262073084513e-06,1.129171588407065,432
1770777553809.969,217000,-459000,507710.5474578995,-1.129171588407065,8.418357450440315e-07,1.7806571750009698e-06,1.9696262073084513e-06,1.129171588407065,432
1770777553843.25,217000,-459000,507710.5474578995,-1.129171588407065,8.418357450440315e-07,1.7806571750009698e-06,1.9696262073084513e-06,1.129171588407065,433
1770777553876.5,217000,-459000,507710.5474578995,-1.129171588407065,8.418357450440315e-07,1.7806571750009698e-06,1.9696262073084513e-06,1.129171588407065,433
1770777553909.781,217000,-459000,507710.5474578995,-1.129171588407065,8.418357450440315e-07,1.7806571750009698e-06,1.9696262073084513e-06,1.129171588407065,433
1770777553943.031,217000,-459000,507710.5474578995,-1.129171588407065,8.418357450440315e-07,1.7806571750009698e-06,1.9696262073084513e-06,1.129171588407065,433
1770777553976.3132,217000,-458000,506806.66925367113,-1.1283282511670898,8.448412126780688e-07,1.7831210848228363e-06,1.9731389909935688e-06,1.1283282511670898,433
1770777554009.563,217000,-459000,507710.5474578995,-1.129171588407065,8.418357450440315e-07,1.7806571750009698e-06,1.9696262073084513e-06,1.129171588407065,433
1770777554042.844,217000,-458000,506806.66925367113,-1.1283282511670898,8.448412126780688e-07,1.7831210848228363e-06,1.9731389909935688e-06,1.1283282511670898,434
1770777554076.125,216000,-458000,506379.3044744226,-1.1301128780852652,8.423679900163794e-07,1.7861321269791747e-06,1.9748042448889423e-06,1.1301128780852652,434
1770777554109.375,216000,-458000,506379.3044744226,-1.1301128780852652,8.423679900163794e-07,1.7861321269791747e-06,1.9748042448889423e-06,1.1301128780852652,434
1770777554142.625,216000,-458000,506379.3044744226,-1.1301128780852652,8.423679900163794e-07,1.7861321269791747e-06,1.9748042448889423e-06,1.1301128780852652,434
1770777554175.906,216000,-457000,505475.0241109841,-1.1292690030228458,8.453846304377605e-07,1.7886147042132248e-06,1.97833711321103e-06,1.1292690030228458,434
1770777554209.156,216000,-457000,505475.0241109841,-1.1292690030228458,8.453846304377605e-07,1.7886147042132248e-06,1.97833711321103e-06,1.1292690030228458,434
1770777554242.4368,216000,-457000,505475.0241109841,-1.1292690030228458,8.453846304377605e-07,1.7886147042132248e-06,1.97833711321103e-06,1.1292690030228458,435
1770777554275.687,215000,-457000,505048.51252132206,-1.1310591291616137,8.428926507601715e-07,1.7916369367320856e-06,1.980007811542227e-06,1.1310591291616137,435
1770777554308.969,215000,-457000,505048.51252132206,-1.1310591291616137,8.428926507601715e-07,1.7916369367320856e-06,1.980007811542227e-06,1.1310591291616137,435
1770777554342.219,215000,-457000,505048.51252132206,-1.1310591291616137,8.428926507601715e-07,1.7916369367320856e-06,1.980007811542227e-06,1.1310591291616137,435
1770777554375.5,215000,-457000,505048.51252132206,-1.1310591291616137,8.428926507601715e-07,1.7916369367320856e-06,1.980007811542227e-06,1.1310591291616137,435
1770777554408.75,215000,-456000,504143.828683839,-1.130214723843429,8.459204992111299e-07,1.7941383611175593e-06,1.98356092667183e-06,1.130214723843429,435
1770777554442.0,215000,-456000,504143.828683839,-1.130214723843429,8.459204992111299e-07,1.7941383611175593e-06,1.98356092667183e-06,1.130214723843429,436
1770777554475.25,215000,-456000,504143.828683839,-1.130214723843429,8.459204992111299e-07,1.7941383611175593e-06,1.98356092667183e-06,1.130214723843429,436
1770777554508.5,215000,-456000,504143.828683839,-1.130214723843429,8.459204992111299e-07,1.7941383611175593e-06,1.98356092667183e-06,1.130214723843429,436
1770777554541.75,215000,-456000,504143.828683839,-1.130214723843429,8.459204992111299e-07,1.7941383611175593e-06,1.98356092667183e-06,1.130214723843429,436
1770777554575.031,215000,-456000,504143.828683839,-1.130214723843429,8.459204992111299e-07,1.7941383611175593e-06,1.98356092667183e-06,1.130214723843429,436
1770777554608.281,215000,-456000,504143.828683839,-1.130214723843429,8.459204992111299e-07,1.7941383611175593e-06,1.98356092667183e-06,1.130214723843429,436
1770777554641.563,215000,-456000,504143.828683839,-1.130214723843429,8.459204992111299e-07,1.7941383611175593e-06,1.98356092667183e-06,1.130214723843429,437
1770777554674.813,215000,-456000,504143.828683839,-1.130214723843429,8.459204992111299e-07,1.7941383611175593e-06,1.98356092667183e-06,1.130214723843429,437
1770777554708.094,215000,-456000,504143.828683839,-1.130214723843429,8.459204992111299e-07,1.7941383611175593e-06,1.98356092667183e-06,1.130214723843429,437
1770777554741.344,215000,-456000,504143.828683839,-1.130214723843429,8.459204992111299e-07,1.7941383611175593e-06,1.98356092667183e-06,1.130214723843429,437
1770777554774.625,215000,-456000,504143.828683839,-1.130214723843429,8.459204992111299e-07,1.7941383611175593e-06,1.98356092667183e-06,1.130214723843429,437
1770777554807.875,214000,-455000,502813.0865440954,-1.1311654513963427,8.46448673171928e-07,1.799692272398258e-06,1.9888106072837916e-06,1.1311654513963425,437
1770777554841.156,215000,-455000,503239.5056034452,-1.1293672831208095,8.489634748272458e-07,1.7966436327739388e-06,1.987125392313703e-06,1.1293672831208095,438
1770777554874.406,215000,-456000,504143.828683839,-1.130214723843429,8.459204992111299e-07,1.7941383611175593e-06,1.98356092667183e-06,1.130214723843429,438
1770777554907.688,215000,-456000,504143.828683839,-1.130214723843429,8.459204992111299e-07,1.7941383611175593e-06,1.98356092667183e-06,1.130214723843429,438
1770777554940.938,215000,-456000,504143.828683839,-1.130214723843429,8.459204992111299e-07,1.7941383611175593e-06,1.98356092667183e-06,1.130214723843429,438
1770777554974.219,215000,-456000,504143.828683839,-1.130214723843429,8.459204992111299e-07,1.7941383611175593e-06,1.98356092667183e-06,1.130214723843429,438
1770777555007.469,214000,-456000,503718.17517338006,-1.132010379257944,8.434095817634354e-07,1.7971718190847036e-06,1.985237081540287e-06,1.132010379257944,438
