epoch,train_loss,loss,CCC_A,CCC_V,qAcc,pearA,pearV,mseA,mseV,A_acc,V_acc,A_f1,V_f1,score,tau,lr,time,σ_0,w_0,σ_1,w_1,σ_2,w_2,σ_3,w_3,σ_4,w_4,σ_5,w_5,σ_6,w_6,σ_7,w_7,L_consist
1,0.8488,0.9203,0.1843,-0.0067,0.3683,0.27,-0.0106,0.1903,0.0476,0.5968,0.6873,0.5916,0.8122,0.2302,2.0,0.000998458666866564,11.4,0.9139,0.5986,0.9133,0.5995,0.9179,0.5935,0.9131,0.5997,1.0,0.5,1.0,0.5,1.0,0.5,1.0,0.5,1.0679
2,0.2697,0.2879,0.2114,0.0207,0.1778,0.377,0.0704,0.1563,0.0421,0.454,0.4556,0.1224,0.5988,0.1469,1.962,0.0009938441702975688,10.8,0.8364,0.7148,0.8347,0.7177,0.8561,0.6822,0.8371,0.7136,1.0,0.5,1.0,0.5,1.0,0.5,1.0,0.5,1.0806
3,-0.2386,0.0792,0.1135,-0.0029,0.2349,0.1751,-0.0144,0.188,0.0426,0.5397,0.4286,0.4314,0.5522,0.1458,1.923,0.0009861849601988382,11.6,0.7663,0.8514,0.763,0.8589,0.8141,0.7544,0.7698,0.8439,1.0,0.5,1.0,0.5,1.0,0.5,1.0,0.5,1.0794
4,-0.6828,-0.4017,0.1955,-0.0171,0.3921,0.3029,-0.0323,0.1649,0.0521,0.527,0.7746,0.3792,0.8704,0.2449,1.885,0.0009755282581475767,11.6,0.7061,1.0027,0.6997,1.0214,0.789,0.8033,0.7109,0.9893,1.0,0.5,1.0,0.5,1.0,0.5,1.0,0.5,1.0138
5,-1.1676,-0.3274,0.1116,-0.07,0.2778,0.147,-0.1612,0.1946,0.0475,0.5032,0.4762,0.2902,0.63,0.1668,1.846,0.0009619397662556432,11.2,0.6519,1.1765,0.6425,1.2111,0.7644,0.8557,0.6591,1.1511,1.0,0.5,1.0,0.5,1.0,0.5,1.0,0.5,1.0271
6,-1.594,-0.8013,0.1572,-0.0227,0.4016,0.3037,-0.0668,0.1715,0.0451,0.5413,0.6857,0.4322,0.8085,0.2401,1.808,0.0009455032620941838,11.2,0.604,1.3708,0.5911,1.4308,0.7459,0.8987,0.6138,1.327,1.0,0.5,1.0,0.5,1.0,0.5,1.0,0.5,1.0689
7,-1.9494,-0.9407,0.2079,0.0068,0.454,0.2498,0.0253,0.1867,0.0442,0.5603,0.8365,0.5232,0.9099,0.2807,1.769,0.000926320082177046,10.6,0.5638,1.5732,0.5473,1.6693,0.7303,0.9376,0.5776,1.4985,1.0,0.5,1.0,0.5,1.0,0.5,1.0,0.5,1.0734
8,-2.3977,-1.043,0.225,0.0078,0.3365,0.2954,0.0487,0.1707,0.0423,0.4968,0.7143,0.3183,0.8276,0.2265,1.731,0.0009045084971874736,8.4,0.5414,1.706,0.5234,1.8251,0.7146,0.9791,0.5554,1.6207,1.0,0.5,1.0,0.5,1.0,0.5,1.0,0.5,0.9071
9,-2.5003,-0.7965,0.2257,0.0047,0.4397,0.2926,0.0139,0.1826,0.0441,0.619,0.7063,0.6238,0.8243,0.2775,1.692,0.0008802029828000154,7.3,0.5264,1.8047,0.5071,1.9445,0.7067,1.0011,0.5423,1.6999,1.0,0.5,1.0,0.5,1.0,0.5,1.0,0.5,1.0028
10,-2.8759,-0.5921,0.3681,0.0171,0.4889,0.38,0.0799,0.1878,0.0424,0.6683,0.7587,0.6799,0.8613,0.3408,1.654,0.0008535533905932736,5.9,0.517,1.8705,0.4965,2.028,0.7005,1.019,0.5319,1.7675,1.0,0.5,1.0,0.5,1.0,0.5,1.0,0.5,0.9656
11,-2.8406,-1.0337,0.3157,0.0278,0.4476,0.3465,0.1144,0.1751,0.042,0.5905,0.7905,0.5426,0.8798,0.3097,1.615,0.0008247240241650918,5.9,0.5105,1.9185,0.4889,2.0921,0.6961,1.0318,0.5245,1.8174,1.0,0.5,1.0,0.5,1.0,0.5,1.0,0.5,0.8183
12,-2.8057,-0.2204,0.2717,0.016,0.4825,0.29,0.0489,0.1997,0.0434,0.5952,0.8127,0.5596,0.8952,0.3132,1.577,0.0007938926261462365,5.9,0.5023,1.9817,0.48,2.17,0.6911,1.0468,0.5185,1.8598,1.0,0.5,1.0,0.5,1.0,0.5,1.0,0.5,0.6741
13,-3.1541,0.1914,0.2897,0.0108,0.2873,0.3018,0.036,0.2045,0.0426,0.6127,0.4143,0.6077,0.5483,0.2188,1.538,0.0007612492823579742,5.6,0.4953,2.0381,0.4725,2.24,0.6858,1.0629,0.5114,1.9119,1.0,0.5,1.0,0.5,1.0,0.5,1.0,0.5,0.7271
14,-3.0556,0.0503,0.3259,0.0317,0.5016,0.3356,0.0802,0.1992,0.045,0.6048,0.8667,0.6079,0.928,0.3402,1.5,0.0007269952498697732,6.1,0.4873,2.1056,0.4639,2.3237,0.6797,1.0822,0.5042,1.9666,1.0,0.5,1.0,0.5,1.0,0.5,1.0,0.5,0.8629
15,-3.2269,0.0769,0.2126,0.0189,0.4778,0.2227,0.0919,0.2191,0.0427,0.5873,0.8492,0.582,0.9176,0.2968,1.462,0.0006913417161825447,5.9,0.4805,2.1652,0.4563,2.4011,0.6749,1.0976,0.4984,2.0129,1.0,0.5,1.0,0.5,1.0,0.5,1.0,0.5,0.9494
16,-3.5668,0.8495,0.2709,0.0161,0.2984,0.2818,0.0458,0.2323,0.043,0.5905,0.481,0.5757,0.633,0.221,1.423,0.0006545084971874736,5.8,0.4751,2.2149,0.4509,2.4594,0.6672,1.1231,0.4939,2.0501,1.0,0.5,1.0,0.5,1.0,0.5,1.0,0.5,0.7799
17,-3.4292,0.8564,0.2402,0.0055,0.4063,0.2506,0.0199,0.2437,0.0434,0.5762,0.7254,0.5557,0.8391,0.2646,1.385,0.0006167226819279527,6.0,0.4694,2.2694,0.4446,2.5293,0.6609,1.1447,0.4882,2.0979,1.0,0.5,1.0,0.5,1.0,0.5,1.0,0.5,0.6496
18,-3.8281,1.1474,0.2852,0.0322,0.346,0.2927,0.0865,0.2467,0.0425,0.5889,0.6095,0.5843,0.749,0.2524,1.346,0.0005782172325201154,5.5,0.4647,2.3158,0.44,2.5829,0.6543,1.1679,0.484,2.1345,1.0,0.5,1.0,0.5,1.0,0.5,1.0,0.5,0.954
19,-3.9252,0.6908,0.2719,0.0257,0.4016,0.2839,0.0787,0.2318,0.0427,0.5873,0.7413,0.5593,0.8489,0.2752,1.308,0.0005392295478639224,6.1,0.4603,2.3602,0.4356,2.6345,0.6471,1.1939,0.4796,2.1736,1.0,0.5,1.0,0.5,1.0,0.5,1.0,0.5,0.6547
20,-3.8393,0.6548,0.2517,0.0198,0.5206,0.2641,0.0711,0.2073,0.043,0.619,0.8397,0.6308,0.9119,0.3282,1.269,0.0004999999999999999,5.5,0.457,2.3937,0.4322,2.6763,0.6434,1.2077,0.4764,2.2031,1.0,0.5,1.0,0.5,1.0,0.5,1.0,0.5,0.6013
21,-3.9141,0.687,0.2485,0.0523,0.4349,0.259,0.1425,0.2161,0.0417,0.6032,0.6857,0.5955,0.8085,0.2927,1.231,0.0004607704521360775,6.1,0.4526,2.4409,0.4272,2.7397,0.639,1.2245,0.4712,2.2516,1.0,0.5,1.0,0.5,1.0,0.5,1.0,0.5,0.6361
22,-4.0686,0.9106,0.2683,0.0386,0.5365,0.2751,0.1008,0.219,0.0435,0.6159,0.8841,0.6242,0.9378,0.345,1.192,0.0004217827674798846,5.9,0.4491,2.4792,0.4237,2.7853,0.6344,1.2424,0.468,2.2827,1.0,0.5,1.0,0.5,1.0,0.5,1.0,0.5,0.6622
23,-4.0198,1.5232,0.2742,0.028,0.3556,0.2789,0.1056,0.2473,0.0418,0.627,0.5413,0.6357,0.6882,0.2533,1.154,0.0003832773180720472,5.6,0.4465,2.5085,0.4208,2.8235,0.6322,1.2512,0.4657,2.3058,1.0,0.5,1.0,0.5,1.0,0.5,1.0,0.5,0.9783
24,-4.2297,2.4001,0.2601,0.0484,0.4444,0.2619,0.1055,0.2478,0.0454,0.6222,0.7587,0.6416,0.8606,0.2994,1.115,0.0003454915028125262,5.9,0.4435,2.5419,0.4175,2.8692,0.63,1.2596,0.4623,2.3393,1.0,0.5,1.0,0.5,1.0,0.5,1.0,0.5,0.4687
25,-4.4674,2.3578,0.2784,0.0193,0.4587,0.2817,0.0752,0.2427,0.0426,0.6206,0.746,0.6395,0.8521,0.3038,1.077,0.00030865828381745506,5.7,0.4407,2.574,0.4147,2.9078,0.6265,1.274,0.4591,2.372,1.0,0.5,1.0,0.5,1.0,0.5,1.0,0.5,0.7401
26,-4.5007,2.3421,0.2512,0.0329,0.5349,0.2541,0.1218,0.2399,0.0425,0.6143,0.8857,0.6346,0.9385,0.3385,1.038,0.0002730047501302265,5.9,0.4377,2.6099,0.4119,2.9469,0.6214,1.295,0.4562,2.4028,1.0,0.5,1.0,0.5,1.0,0.5,1.0,0.5,0.4878
27,-4.5429,2.4969,0.2747,0.0649,0.3857,0.2762,0.1593,0.2412,0.0414,0.6143,0.5825,0.6368,0.7223,0.2777,1.0,0.0002387507176420255,5.6,0.4355,2.6366,0.4098,2.9772,0.6176,1.3107,0.4545,2.4208,1.0,0.5,1.0,0.5,1.0,0.5,1.0,0.5,0.5271
28,-4.6906,2.8986,0.2713,0.0464,0.5222,0.2732,0.1304,0.2437,0.0428,0.6159,0.8762,0.6333,0.9326,0.3405,0.962,0.0002061073738537634,6.0,0.4333,2.6635,0.4079,3.0057,0.6137,1.3275,0.4524,2.4431,1.0,0.5,1.0,0.5,1.0,0.5,1.0,0.5,0.676
29,-4.4942,2.6724,0.2716,0.0686,0.5238,0.275,0.1748,0.2372,0.0419,0.6206,0.8619,0.6406,0.9243,0.347,0.923,0.00017527597583490815,5.5,0.4321,2.6784,0.4065,3.0254,0.6122,1.334,0.4514,2.454,1.0,0.5,1.0,0.5,1.0,0.5,1.0,0.5,0.6017
30,-4.7561,3.3353,0.2836,0.06,0.5429,0.2851,0.172,0.2428,0.0422,0.619,0.9,0.6429,0.9465,0.3573,0.885,0.0001464466094067262,6.0,0.4304,2.6992,0.4048,3.0516,0.6102,1.3429,0.4496,2.4735,1.0,0.5,1.0,0.5,1.0,0.5,1.0,0.5,0.8133
31,-4.6478,3.4677,0.283,0.0576,0.546,0.2866,0.1446,0.2416,0.0431,0.6206,0.8905,0.6438,0.9411,0.3582,0.846,0.00011979701719998447,5.5,0.4294,2.7118,0.4039,3.0655,0.6087,1.3495,0.4487,2.4835,1.0,0.5,1.0,0.5,1.0,0.5,1.0,0.5,0.5272
32,-4.6333,3.6965,0.2675,0.0627,0.5476,0.2708,0.1659,0.2426,0.0421,0.6254,0.8794,0.6467,0.9345,0.3564,0.808,9.549150281252627e-05,5.5,0.4285,2.7229,0.403,3.0793,0.6079,1.3531,0.4477,2.4944,1.0,0.5,1.0,0.5,1.0,0.5,1.0,0.5,0.5065
33,-4.9588,3.5601,0.2578,0.0681,0.5381,0.26,0.173,0.2495,0.0422,0.619,0.8857,0.6429,0.9381,0.3505,0.769,7.367991782295387e-05,5.8,0.4277,2.7336,0.4022,3.0914,0.6066,1.359,0.4469,2.5035,1.0,0.5,1.0,0.5,1.0,0.5,1.0,0.5,0.7355
34,-4.9753,4.008,0.2674,0.0671,0.4937,0.2699,0.1711,0.2467,0.0417,0.6159,0.7651,0.6409,0.8635,0.3304,0.731,5.4496737905816076e-05,6.0,0.4269,2.7442,0.4014,3.1032,0.6053,1.3646,0.4461,2.5129,1.0,0.5,1.0,0.5,1.0,0.5,1.0,0.5,0.5589
35,-4.8678,4.1728,0.2625,0.0679,0.5159,0.2649,0.1687,0.2435,0.042,0.6127,0.8286,0.6391,0.9043,0.3405,0.692,3.806023374435661e-05,5.7,0.4264,2.7506,0.4009,3.1109,0.6047,1.3673,0.4456,2.5187,1.0,0.5,1.0,0.5,1.0,0.5,1.0,0.5,0.8516
36,-4.7701,4.1361,0.2593,0.0625,0.5095,0.262,0.1626,0.2433,0.0419,0.6159,0.8079,0.6409,0.8913,0.3352,0.654,2.447174185242322e-05,6.2,0.426,2.7556,0.4005,3.1167,0.6042,1.3697,0.4452,2.5224,1.0,0.5,1.0,0.5,1.0,0.5,1.0,0.5,0.7485
37,-5.047,4.0072,0.2569,0.06,0.5222,0.2597,0.1617,0.2453,0.042,0.6159,0.8587,0.6409,0.9225,0.3403,0.615,1.3815039801161714e-05,5.9,0.4257,2.7589,0.4003,3.1203,0.6039,1.3711,0.445,2.5251,1.0,0.5,1.0,0.5,1.0,0.5,1.0,0.5,0.7246
38,-4.9788,4.1015,0.2512,0.06,0.5238,0.254,0.1631,0.2494,0.0419,0.6143,0.8587,0.6389,0.9227,0.3397,0.577,6.155829702431168e-06,5.8,0.4256,2.7607,0.4002,3.1223,0.6037,1.372,0.4449,2.5266,1.0,0.5,1.0,0.5,1.0,0.5,1.0,0.5,0.6903
39,-4.4819,4.0738,0.2564,0.061,0.5254,0.2592,0.1617,0.247,0.042,0.6143,0.8651,0.6389,0.9264,0.342,0.538,1.5413331334360176e-06,5.5,0.4255,2.7612,0.4001,3.123,0.6036,1.3721,0.4448,2.527,1.0,0.5,1.0,0.5,1.0,0.5,1.0,0.5,0.6371
40,-4.8446,4.1348,0.262,0.0618,0.5238,0.2648,0.1621,0.2469,0.0421,0.6143,0.8619,0.64,0.9245,0.3428,0.5,0.0,5.9,0.4255,2.7614,0.4001,3.1232,0.6036,1.3722,0.4448,2.5272,1.0,0.5,1.0,0.5,1.0,0.5,1.0,0.5,0.6458
