pid,a_true,v_true,a_pred,v_pred
1,-0.5,0.0,-0.07727972,0.027151277
1,-0.5,0.5,-0.054137122,0.032833915
1,0.0,0.5,-0.10285393,0.030746501
1,-0.5,0.0,-0.044420224,0.024170477
1,-0.5,0.0,-0.033947907,0.003734914
1,-0.5,0.0,-0.06540139,0.010689835
1,-0.5,0.0,-0.04752318,0.018017704
1,-0.5,0.0,-0.08258441,0.012558459
1,-0.5,0.0,-0.08804429,0.029990312
1,-0.5,0.0,-0.15573713,0.019554932
1,0.0,0.0,-0.02995862,0.016198458
1,0.0,0.0,-0.075494856,0.008484208
1,-0.5,0.0,-0.10636077,0.0069611087
1,0.0,0.0,-0.11479736,0.02214428
1,-0.5,0.0,-0.11667007,0.016813995
1,-0.5,0.0,-0.11217423,0.020179017
1,0.0,0.0,-0.12053251,0.02440223
1,-0.5,0.0,-0.1278096,0.020158108
1,-0.5,0.0,-0.058369253,0.027986284
1,-0.5,0.0,-0.11918246,0.020655904
1,-0.5,0.0,-0.110470824,0.014358014
1,-0.5,0.0,-0.08753946,0.026026193
1,-0.5,0.0,-0.09562515,0.02442043
1,-0.5,0.0,-0.094802216,0.029292941
1,-0.5,0.0,-0.08632619,0.027744628
1,-0.5,0.0,-0.08774704,0.020733135
1,0.5,0.0,-0.13393113,0.019544728
1,0.5,0.0,-0.085425444,0.028727321
1,-0.5,0.0,-0.12877734,0.029161967
1,-0.5,0.0,-0.08984781,0.028632661
1,0.5,0.0,-0.09190786,0.030122217
1,-1.0,0.0,-0.10124589,0.026405752
1,0.5,0.0,-0.094438545,0.03004743
1,0.5,0.0,-0.109269336,0.028086746
1,0.5,0.0,-0.07197509,0.027616052
1,0.5,0.0,-0.047556072,0.02446077
1,-1.0,0.0,-0.103799105,0.026171388
1,-0.5,0.0,-0.08038301,0.027870916
1,-0.5,0.0,-0.10624992,0.020398667
1,-0.5,0.0,-0.08419941,0.030231478
1,-1.0,0.0,-0.09695249,0.02891107
1,-1.0,0.0,-0.09635795,0.024857413
1,-0.5,0.0,-0.08949604,0.028907677
1,-0.5,0.0,-0.067087956,0.01889033
1,-0.5,0.0,-0.05905425,0.013851604
1,-0.5,0.0,-0.07665225,0.029347528
1,-0.5,0.0,-0.033269845,0.009927647
1,-0.5,0.5,-0.08557808,0.00404593
1,0.5,0.5,-0.06112717,0.032579023
1,0.5,0.5,0.030615102,-0.07941012
1,0.5,0.5,-0.060436465,0.025130032
1,0.5,0.5,-0.0995569,0.0039941324
1,0.5,0.5,-0.061915226,0.009880916
1,0.5,0.0,-0.036635417,0.0054697185
1,0.5,0.0,-0.052715294,0.031217484
1,-0.5,0.0,-0.07613703,0.024841119
1,-0.5,0.0,-0.104856506,0.019197512
1,-0.5,0.0,-0.09543127,0.026534067
1,0.5,0.0,-0.1326749,0.0064749485
1,0.5,0.0,-0.02718641,0.01968178
1,0.0,0.0,-0.082308196,0.032799613
1,0.0,0.0,0.0045096176,-0.017564233
1,0.0,0.0,-0.13082416,0.019388651
1,0.0,0.0,-0.09497954,0.02890711
1,0.0,0.0,-0.17846115,0.015836716
1,0.0,0.0,-0.10258981,0.023765402
1,0.0,0.0,-0.096407734,0.006609172
1,0.0,0.0,0.0022173002,-0.051608987
1,0.0,0.0,-0.09549266,0.03042875
1,0.0,0.0,-0.05058463,0.026653875
1,0.0,0.0,-0.09746159,0.019872477
1,0.0,0.0,-0.11222746,0.023488358
1,-0.5,0.0,-0.08863406,0.02909726
1,0.0,0.0,-0.02458628,0.011270687
1,-0.5,0.0,-0.086323366,0.029510692
1,-0.5,0.0,-0.037412528,0.013300469
1,-0.5,0.0,-0.08783899,0.026588885
1,-0.5,0.0,-0.10100715,0.025430229
1,-0.5,0.0,-0.0819211,0.033577535
1,-0.5,0.0,-0.11722187,0.024295108
1,-0.5,0.0,-0.11128164,0.025195217
1,-0.5,0.0,-0.09627516,0.024846785
1,-0.5,0.0,-0.11628818,0.019721737
1,-0.5,0.0,-0.10182942,0.028569238
1,-0.5,0.0,-0.055752195,0.020571519
1,0.5,0.0,-0.06841436,0.033286043
1,-0.5,-0.5,-0.07390933,0.032753978
1,0.0,-0.5,-0.05088695,0.017109914
1,0.0,-0.5,-0.06812762,0.02575758
1,0.5,-0.5,-0.08826947,0.019195847
1,0.5,-0.5,-0.07465112,0.010548387
1,0.0,0.5,-0.101115495,0.028309532
1,0.0,0.0,-0.114166275,0.02731187
1,0.0,0.0,-0.08278935,0.029115187
1,0.0,-0.5,-0.11025795,0.020742016
1,0.0,-0.5,-0.049920317,0.017815229
1,0.0,-0.5,-0.11743555,0.022250682
1,0.0,-0.5,-0.09547552,0.022243764
1,0.0,-0.5,-0.083307736,0.033924606
1,0.0,-0.5,-0.088406704,0.0062879203
1,0.0,-0.5,-0.07697398,0.009201243
1,0.0,-0.5,-0.08040239,0.02271435
1,0.0,0.0,-0.1429181,0.017063973
1,0.0,-0.5,-0.06416175,-0.030519968
1,0.0,0.0,-0.090976134,0.009844297
1,0.0,-0.5,-0.07841503,0.020296393
1,0.0,-0.5,-0.094427146,0.01348423
1,0.0,-0.5,-0.11895836,0.013880647
1,0.0,-0.5,-0.14053255,0.02280122
1,0.0,-0.5,-0.08822632,0.025633486
1,0.0,-0.5,-0.044171594,0.014884948
1,0.0,-0.5,-0.107651524,0.020850612
1,0.0,-0.5,-0.11328646,0.030027695
1,0.0,-0.5,-0.11182415,0.022810465
1,0.0,-0.5,-0.07298832,0.03510866
1,0.0,-0.5,-0.05990586,0.023394242
1,0.0,-0.5,-0.053154796,0.014154685
1,0.0,-0.5,-0.1148215,0.017109107
1,0.0,-0.5,-0.10981892,0.022888562
1,0.0,-0.5,-0.13281457,0.023873791
1,0.0,-0.5,-0.111495085,0.025018815
1,0.0,-0.5,-0.09129388,0.030976627
1,0.0,0.0,-0.11096853,0.02289388
1,0.0,0.0,-0.15611854,0.023344768
8,-0.5,0.0,-0.092245065,0.03466606
8,-0.5,0.0,-0.12001591,0.033415373
8,-0.5,0.0,-0.011125772,0.049317624
8,-0.5,0.0,-0.066063024,0.038697865
8,-0.5,0.0,0.028566614,0.05301709
8,-0.5,0.0,0.030754872,0.06085353
8,0.0,0.0,-0.02983042,0.041498218
8,-0.5,0.0,-0.100455776,0.037501264
8,-0.5,0.0,0.005764849,0.041256752
8,-0.5,0.0,-0.07896595,0.03310889
8,-0.5,0.0,-0.12333091,0.029529404
8,-0.5,0.0,0.012065423,0.031737313
8,-0.5,0.0,-0.066579156,0.03136881
8,-0.5,0.0,0.0334766,0.02432551
8,-0.5,0.0,-0.06286922,0.005740777
8,0.0,0.0,0.019469624,0.013298852
8,0.0,0.0,0.037509702,0.002592947
8,0.0,0.0,-0.070396096,0.016523572
8,-0.5,0.0,-0.0283239,0.028254375
8,-0.5,0.0,-0.04626171,0.03560773
8,-0.5,0.0,-0.12926547,0.019310495
8,-0.5,0.0,-0.12045077,0.027749037
8,-0.5,0.0,-0.110968284,0.027862241
8,-0.5,0.0,0.0292356,0.042436253
8,-1.0,0.0,-0.16305129,0.013539562
8,-1.0,0.0,-0.14143252,0.01666101
8,-1.0,0.0,0.06502744,0.04061819
8,-1.0,0.0,-0.18370382,0.01284881
8,-1.0,0.0,0.010223253,0.016770523
8,-1.0,0.0,-0.15462208,0.0042065787
8,-1.0,0.0,-0.06415039,0.01819608
8,-0.5,0.0,-0.038229924,0.030109826
8,-0.5,0.0,-0.09201836,0.022170225
8,-0.5,0.0,-0.07863386,0.03225491
8,-0.5,0.0,0.038373403,0.022467881
8,-0.5,0.0,-0.19081156,0.00800571
8,0.0,0.0,-0.03636834,0.03067952
8,0.0,0.0,-0.07470591,0.025252642
8,-0.5,0.0,-0.17206784,0.0173297
8,-0.5,0.0,-0.028423043,0.033227887
8,-0.5,0.0,-0.115459405,0.020776605
8,-0.5,0.0,-0.02516327,0.023701545
8,-0.5,0.0,-0.07080357,0.025420194
8,-1.0,0.0,-0.122652926,0.028407881
8,-0.5,0.0,-0.035552304,0.041647628
8,-0.5,0.0,-0.018895697,0.03501189
8,-0.5,0.0,-0.06569554,0.039720442
8,-0.5,0.0,-0.12789851,0.02415588
8,-0.5,-0.5,0.00017624348,0.042617127
8,-0.5,0.0,-0.034402065,0.038945742
8,0.5,-0.5,-0.06478392,0.026729392
8,0.5,0.0,-0.04169248,0.03600357
8,-0.5,0.0,-0.15234917,0.017900186
8,0.5,-0.5,-0.11979604,0.025767678
8,0.0,0.0,-0.069747746,0.03532987
8,-0.5,-0.5,-0.08866689,0.034623913
8,0.0,-0.5,-0.0038727273,0.03153694
8,0.5,-0.5,-0.1198589,0.026937531
8,0.0,-0.5,-0.023197545,0.03792774
8,0.0,-0.5,-0.12711202,0.026019353
8,0.0,0.0,-0.096127704,0.032443415
8,0.0,0.0,0.03601888,0.048917387
8,-0.5,0.0,-0.1494278,0.01526196
8,0.0,0.0,-0.09921653,0.029393239
8,-0.5,0.0,-0.009443357,0.0422602
8,-0.5,0.0,-0.06361118,0.03205652
8,-0.5,0.0,-0.08339792,0.034340214
8,0.0,0.0,-0.14484483,0.024309646
8,-0.5,0.0,0.017180702,0.026112832
8,-0.5,0.0,-0.020828784,0.021677071
8,-0.5,0.0,-0.08983482,0.02951861
8,-0.5,0.0,-0.057009146,0.03583469
8,-1.0,0.0,-0.17186932,0.0030840817
8,-1.0,0.0,0.010271849,0.028770305
8,-1.0,0.0,0.051963773,-0.006215646
8,-1.0,0.0,-0.06046575,0.021634629
8,-1.0,0.0,-0.08001569,0.03113178
8,-1.0,0.0,-0.17420036,0.015369773
8,-1.0,0.0,0.0017462132,0.04408126
8,-1.0,0.0,-0.20437117,0.015902394
8,-1.0,0.0,-0.11356571,0.023171915
8,-1.0,0.0,0.017916119,0.019756373
8,-1.0,0.0,-0.109622635,0.013914119
8,-1.0,0.0,-0.12014633,0.022311464
8,0.0,0.0,-0.097005494,0.037078317
8,-0.5,0.0,-0.18340325,0.012198523
8,-0.5,0.0,-0.11821729,0.026618673
8,-0.5,0.0,-0.12930605,0.023627197
8,-0.5,0.0,-0.01198985,0.018780857
8,0.5,0.0,0.03833356,0.027750425
8,0.5,0.0,-0.098807946,0.023446755
8,-0.5,0.0,-0.20696978,0.009949959
8,0.0,0.0,-0.12787156,0.026289182
8,0.5,0.0,-0.123816095,0.025443448
8,0.5,0.0,0.0345443,0.04922014
8,0.0,0.0,-0.035966966,0.026906796
8,0.5,-0.5,-0.1511784,0.015361717
8,0.0,0.0,-0.039388232,0.029927643
8,0.0,0.0,-0.07940219,0.02411243
8,0.0,0.0,-0.1255077,0.02446036
8,0.0,0.0,-0.06815379,0.028321454
8,0.0,0.0,-0.07128177,0.030081797
8,0.0,0.0,-0.13459265,0.022901215
8,-0.5,0.0,-0.20474574,0.009982334
8,-0.5,0.0,-0.07376663,0.014851517
8,-0.5,0.0,-0.104504704,0.015929678
8,-0.5,0.0,-0.08078816,0.017192584
8,-0.5,0.0,-0.16100067,0.016791174
8,-0.5,0.0,-0.02905944,0.03061514
8,-0.5,0.0,-0.17703113,0.018118197
8,-1.0,0.0,-0.07450439,0.023586286
8,-1.0,0.0,-0.13841273,0.023089837
8,-1.0,0.0,-0.10902975,0.015115347
8,-1.0,0.0,-0.032793906,0.03754538
8,-1.0,0.0,-0.15997705,0.014714688
8,-1.0,0.0,-0.106823824,0.012451326
8,-1.0,0.0,-0.21084088,-0.0006871725
8,-1.0,0.0,0.0596519,0.019461388
8,-1.0,0.0,-0.09061232,0.03292899
8,-1.0,0.0,-0.16532232,0.010984832
8,-1.0,0.0,-0.09004171,0.030146394
8,-1.0,0.0,-0.12699059,0.02978929
8,-0.5,0.0,-0.200214,0.015206513
18,-0.5,0.0,-0.2452085,0.028174896
18,-0.5,0.5,-0.25124052,0.02335686
18,-0.5,0.0,-0.27594018,0.019893264
18,-0.5,0.0,-0.32261887,0.026773635
18,0.0,0.0,-0.29298168,0.014181399
18,-0.5,0.0,-0.26779214,0.024361342
18,0.0,0.0,-0.32536206,0.020076727
18,-0.5,0.5,-0.25159603,0.024530213
18,-0.5,0.0,-0.26666582,0.017706778
18,-1.0,0.0,-0.24666907,0.022897815
18,-1.0,0.0,-0.2547164,0.022537755
18,-1.0,0.0,-0.32130224,0.009095519
18,0.0,0.0,-0.25754863,0.01933394
18,0.0,0.0,-0.24359089,0.02136158
18,0.0,0.0,-0.23635605,0.020259792
18,-1.0,0.0,-0.28565612,0.01632475
18,-1.0,0.0,-0.27086747,0.015955584
18,-1.0,0.0,-0.22412695,0.028350763
18,-1.0,0.0,-0.22591832,0.02125135
18,-1.0,0.0,-0.2416257,0.01994364
18,-1.0,0.0,-0.21870443,0.020387137
18,-0.5,0.0,-0.21194035,0.02898911
18,-0.5,0.0,-0.31483334,0.014452617
18,-0.5,0.0,-0.26693016,0.022458792
18,-0.5,0.0,-0.3253968,0.020398324
18,-0.5,0.0,-0.3252108,0.008686888
18,-0.5,0.0,-0.29509395,0.023005717
18,-0.5,0.0,-0.30809283,0.012721046
18,-0.5,0.0,-0.35738924,0.009746105
18,-0.5,0.0,-0.3038624,0.016916472
18,-0.5,0.0,-0.30155724,0.014279248
18,-0.5,0.0,-0.31172383,0.021467159
18,-0.5,0.0,-0.32307512,0.00822352
18,-0.5,0.0,-0.33926362,0.013098393
18,-0.5,0.0,-0.3303248,0.017397467
18,-0.5,0.0,-0.3083333,0.014455422
18,-0.5,0.0,-0.21015082,0.030417593
18,-0.5,0.0,-0.33747202,0.007646311
18,-0.5,0.0,-0.25788486,0.019515488
18,-0.5,0.0,-0.23885667,0.021947153
18,-0.5,0.0,-0.32786426,0.007861471
18,0.0,0.0,-0.27374682,0.014334174
18,-0.5,0.0,-0.25713176,0.02116249
18,-0.5,0.0,-0.2846098,0.017115513
18,0.0,0.0,-0.22927792,0.022533271
18,-0.5,0.0,-0.3311648,0.009430287
18,0.0,0.0,-0.2554751,0.018775782
18,-0.5,0.0,-0.2957779,0.0143146645
18,-0.5,0.0,-0.33133674,0.0069871116
18,0.0,0.0,-0.24370623,0.021522889
18,-0.5,0.0,-0.2011183,0.027725574
18,0.0,0.0,-0.31017718,0.010224716
18,-0.5,0.0,-0.30168188,0.017255343
18,0.0,0.0,-0.2600188,0.019298147
18,-0.5,0.0,-0.32297125,0.018911386
18,0.0,0.0,-0.2858915,0.017485002
18,0.0,0.0,-0.24797711,0.017889177
18,-0.5,0.0,-0.30367583,0.016867565
18,0.0,0.0,-0.27813938,0.025896108
18,-0.5,0.0,-0.25658852,0.015091162
18,-0.5,0.0,-0.3136684,0.012727143
18,0.0,0.0,-0.29797944,0.011859325
18,0.0,0.0,-0.32904652,0.008269427
18,-0.5,0.0,-0.2713867,0.023970678
18,-0.5,0.0,-0.24465542,0.029008666
18,0.0,0.0,-0.2959566,0.018189391
18,0.0,0.0,-0.29931948,0.016793739
18,0.0,0.0,-0.2749123,0.016673584
18,0.0,0.0,-0.3378333,0.0215269
18,0.0,0.0,-0.292164,0.02499265
18,0.0,0.0,-0.20918176,0.029849157
18,-0.5,0.0,-0.22930492,0.027488688
18,-0.5,0.0,-0.23367374,0.025813637
18,0.0,0.0,-0.2928842,0.0155172935
18,-0.5,0.0,-0.2200206,0.025402958
18,0.0,0.0,-0.27322775,0.015356462
18,0.0,0.0,-0.2201704,0.029301248
18,-0.5,0.0,-0.23939714,0.02080334
18,-0.5,0.0,-0.24512222,0.021999463
18,-0.5,0.0,-0.16276823,0.038323503
18,0.0,0.0,-0.22198905,0.02337197
18,-0.5,0.0,-0.22916444,0.023296272
18,-0.5,0.0,-0.27854943,0.019384407
18,-0.5,0.0,-0.20645942,0.01763681
18,-0.5,0.0,-0.22252724,0.0210979
18,0.0,0.0,-0.27372766,0.012615898
18,-0.5,0.0,-0.2357333,0.028325597
18,-0.5,0.0,-0.2203261,0.03299849
18,0.0,0.0,-0.28919047,0.026771704
18,0.0,0.0,-0.19618922,0.02322955
18,0.0,0.0,-0.22011407,0.018252566
18,0.0,0.0,-0.28147557,0.014705865
18,0.0,0.0,-0.3249746,0.008145866
18,0.0,0.0,-0.31665394,0.0071928063
18,0.0,0.0,-0.2740309,0.019125354
18,0.0,0.0,-0.2629672,0.021990612
18,0.0,0.0,-0.31111172,0.012170116
18,0.0,0.0,-0.3095266,0.018979076
18,0.0,0.0,-0.28175482,0.01282193
18,0.0,0.0,-0.32061607,0.010199627
18,0.0,0.0,-0.25537205,0.018757137
18,0.0,0.0,-0.29709244,0.020731745
18,0.0,0.0,-0.27645704,0.015188105
18,0.0,0.0,-0.25983343,0.018025726
18,0.0,0.0,-0.25011554,0.015138088
18,0.0,0.0,-0.2681639,0.013644251
18,0.0,0.0,-0.30261913,0.008868456
18,0.0,0.0,-0.25412005,0.019173756
18,-0.5,0.0,-0.23136543,0.02213696
18,0.0,0.0,-0.28929853,0.0111262975
18,0.0,0.0,-0.2180111,0.018148601
18,0.0,0.0,-0.16340593,0.017566912
18,0.0,0.0,-0.27186474,0.011413999
18,-0.5,0.0,-0.30364898,0.008484623
18,0.0,0.0,-0.2552485,0.014367109
18,-0.5,0.0,-0.1991829,0.028894557
18,0.0,0.0,-0.238799,0.024906706
18,0.0,0.0,-0.31247506,0.009068676
18,0.0,0.0,-0.32466543,0.010460751
18,0.0,0.0,-0.24538064,0.017833209
18,0.0,0.0,-0.2167086,0.025380706
18,0.0,0.0,-0.30156276,0.013036507
18,0.0,0.0,-0.22789417,0.02554483
18,0.0,0.0,-0.25859153,0.02289824
18,-0.5,0.0,-0.24445571,0.024510726
18,0.0,0.0,-0.22190516,0.023464156
18,0.0,0.0,-0.24418148,0.017439684
18,-0.5,0.0,-0.2183822,0.014199949
18,0.0,0.0,-0.2949011,0.008326407
18,0.0,0.0,-0.26867643,0.012643323
18,0.0,0.0,-0.2609075,0.013402455
18,0.0,0.0,-0.20870505,0.027586384
18,0.0,0.0,-0.28249648,0.01642731
18,-0.5,0.0,-0.33992112,0.012906507
18,-0.5,0.0,-0.26396945,0.016958592
18,-0.5,0.0,-0.23206048,0.018997813
18,-0.5,0.0,-0.28550804,0.009743373
18,-0.5,0.0,-0.21402532,0.02144291
18,-0.5,0.0,-0.32495984,0.012514273
18,-0.5,0.0,-0.22554679,0.019337919
18,-0.5,0.0,-0.22491184,0.026409727
18,-0.5,0.0,-0.26648292,0.016077947
18,-0.5,0.0,-0.26021612,0.016306348
18,-0.5,0.0,-0.3532724,0.002100906
18,0.0,0.0,-0.18966743,0.032263335
18,0.0,0.0,-0.24592845,0.026093928
18,-0.5,0.0,-0.26980215,0.030306593
26,0.0,0.5,0.018862821,0.053748928
26,0.0,0.0,-0.052589357,0.041299086
26,0.0,0.0,0.116151676,0.052406877
26,0.0,0.0,-0.14193842,0.025737554
26,0.0,0.0,-0.10841665,0.026703125
26,0.0,0.0,0.07120522,0.05689554
26,0.0,0.0,-0.11398686,0.03365641
26,0.0,0.0,-0.046179026,0.049352374
26,0.0,0.0,0.1313371,-0.04445675
26,0.0,0.0,0.027535884,0.06078737
26,0.0,0.0,0.15280426,0.0012370715
26,0.0,0.0,0.0973076,0.055332843
26,0.0,0.0,-0.027480444,0.038310092
26,0.0,0.0,0.02609444,0.054342356
26,0.0,0.0,0.10622651,0.053132944
26,0.0,0.0,-0.018124238,0.04601079
26,0.0,0.0,-0.07370723,0.04333376
26,0.0,0.5,-0.07902824,0.0310577
26,0.5,0.5,-0.08368967,0.0374185
26,0.5,0.5,0.02541694,0.024798501
26,0.5,0.5,-0.033950683,0.043165375
26,0.5,0.5,-0.10993651,0.032330766
26,0.5,0.5,-0.03643556,0.03224958
26,0.5,0.5,-0.016741965,0.046871606
26,0.5,0.5,-0.0025837736,0.044787947
26,0.5,0.5,-0.07598924,0.042966444
26,0.5,0.5,-0.054321524,0.03446405
26,0.5,0.5,-0.08699956,0.03710156
26,0.5,0.5,-0.13482249,0.026423326
26,0.5,0.5,-0.25045303,0.01096185
26,0.5,0.5,-0.025903236,0.044266455
26,0.5,0.5,-0.13185117,0.029691922
26,0.5,0.5,-0.08102664,0.04111786
26,0.0,0.0,0.08286021,0.047223523
26,0.0,0.0,0.10104396,0.049737018
26,0.0,0.0,-0.04012712,0.04373648
26,0.0,0.0,-0.024794104,0.04371733
26,0.0,0.0,0.115371384,0.03772492
26,0.0,0.0,0.058561467,0.046231873
26,0.0,0.0,-0.033323713,0.0451105
26,0.0,0.0,0.1574576,0.019992396
26,-0.5,0.0,0.0011507156,0.051357724
26,-0.5,0.0,0.062099267,0.05376897
26,0.0,0.0,0.06384541,0.06280793
26,0.0,0.0,0.15604381,0.037543785
26,0.0,0.0,0.09874613,0.06556971
26,0.0,0.0,0.025977612,0.056212213
26,0.0,0.0,0.011318254,0.05810845
26,0.0,0.0,0.05294315,0.058758594
26,0.0,0.0,0.008791597,0.050428584
26,0.0,0.5,-0.092096,0.039525326
26,0.0,0.5,0.0086358925,0.0551535
26,0.5,0.5,0.027221464,0.053333085
26,0.5,0.5,-0.04951541,0.04528625
26,0.0,0.5,-0.011682265,0.04674205
26,0.5,0.5,0.011863515,0.054770365
26,0.0,0.5,-0.032898206,0.050104313
26,0.0,0.5,0.11343286,0.046744484
26,0.0,0.5,0.08403149,0.04681987
26,0.5,0.5,-0.08424983,0.021167222
26,0.0,0.5,-0.0730087,0.024047142
26,0.5,0.5,-0.032384947,0.039279934
26,0.5,0.5,-0.21224937,0.0153710265
26,0.0,0.5,0.07400799,0.03625522
26,0.5,0.5,0.033722192,0.050966352
26,0.5,0.5,0.00021273829,0.042356666
26,0.5,0.5,-0.15465032,0.028846368
26,0.0,0.0,0.01851441,0.05541887
26,0.0,0.0,0.025202528,0.052145213
26,0.0,0.0,-0.077877924,0.041051555
26,0.0,0.0,0.04330208,0.060489625
26,0.0,0.0,0.080246545,0.044555146
26,0.0,0.0,0.0627436,0.05830369
26,0.5,0.0,-0.07700294,0.04411864
26,0.0,0.0,0.016732544,0.054413337
26,0.0,0.0,0.10786638,0.034904562
26,0.0,0.0,0.09481259,0.05827333
26,0.0,0.0,0.03038223,0.051631693
26,0.0,0.0,0.128862,0.05600432
26,0.0,0.0,-0.03747464,0.047532998
26,0.0,0.0,0.09515498,0.060634393
26,0.0,0.0,0.10025816,0.054506972
26,0.0,0.0,0.099228814,0.05000243
26,0.0,0.0,0.021978948,0.057418324
26,0.0,0.0,0.0228288,0.038704272
26,0.0,0.0,0.082281455,0.062447395
26,0.0,0.0,0.0701354,0.057407796
26,0.0,0.0,-0.039368488,0.036472287
26,0.0,0.5,0.053479344,0.058642954
26,0.5,0.5,0.12050885,0.014035331
26,0.0,0.5,-0.027743572,0.05139377
26,0.5,0.5,0.0886078,0.060969677
26,0.5,0.5,0.048436873,0.017211625
26,0.5,0.5,-0.016640665,0.050973665
26,0.5,0.5,-0.0008838249,0.047658216
26,0.5,0.5,-0.12351105,0.032262307
26,0.5,0.5,0.0075018024,0.049728185
26,0.5,0.5,0.0597489,0.047631286
26,0.5,0.5,-0.22536714,0.01122286
26,0.5,0.5,-0.001521698,0.05630305
26,0.5,0.5,0.10154058,0.05177227
26,0.5,0.5,-0.009987834,0.036112655
26,0.5,0.5,-0.08914972,0.03940818
26,0.5,0.0,0.02347844,0.05205934
26,0.0,0.0,0.10388499,0.047671247
26,0.5,0.0,-0.09059372,0.040264804
26,0.0,0.0,0.02308482,0.05378519
26,0.0,0.0,0.1180657,-0.03316805
26,0.5,0.0,0.07294003,0.048530083
26,0.5,0.0,0.08000506,0.008093998
26,0.0,0.0,0.1297928,0.033277944
26,0.0,0.0,0.08605289,0.049983922
26,0.5,0.0,0.11702895,0.04658816
26,0.0,0.0,0.034810763,0.048378505
26,0.5,0.5,0.0883197,0.045539673
26,0.0,0.5,0.05277506,0.050879635
26,0.5,0.5,0.1113725,0.050678454
26,0.5,0.0,0.015786685,0.024361014
26,0.0,0.0,-0.038246643,0.02786245
26,0.0,0.0,-0.05661698,0.037264783
26,0.0,0.0,0.034800693,-0.0070930966
26,0.0,0.5,0.099150985,0.020048197
26,0.5,0.5,0.15154298,0.020803206
26,0.0,0.5,-0.0044285962,0.036640543
26,0.0,0.5,-0.14399742,0.008699503
